Patient_ID,Sample_ID,Diagnosis_Age,Neoplasm_Disease_Stage_American_Joint_Committee_on_Cancer_Code,Overall_Survival_Months,Overall_Survival_Status,Disease_Free_Months,Disease_Free_Status,Radiation_Therapy,Neoadjuvant_Therapy_Type_Administered_Prior_To_Resection_Text,TMB_nonsynonymous,MSIsensor_Score,MSI_MANTIS_Score,Aneuploidy_Score,Mutation_Count,Sex,Race_Category,Ethnicity_Category,Progress_Free_Survival_Months,Progression_Free_Status,Fraction_Genome_Altered,CXCL13_expression,CXCL13_status
TCGA-2F-A9KO,TCGA-2F-A9KO-01,63,STAGE IV,24.1312424,1:DECEASED,,,No,No,16.66666667,0,0.3271,19,492,Male,White,Not Hispanic Or Latino,21.40250518,1:PROGRESSION,0.2384,9933.53,enriched
TCGA-2F-A9KP,TCGA-2F-A9KP-01,66,STAGE IV,11.96699214,1:DECEASED,,,No,No,4.4,0.17,0.3234,10,131,Male,White,Not Hispanic Or Latino,11.27658875,1:PROGRESSION,0.3409,19.1427,not_enriched
TCGA-2F-A9KQ,TCGA-2F-A9KQ-01,69,STAGE III,94.88115199,0:LIVING,94.88115199,0:DiseaseFree,No,No,2.066666667,0.12,0.3181,6,63,Male,White,Not Hispanic Or Latino,94.88115199,0:CENSORED,0.1833,1.3908,not_enriched
TCGA-2F-A9KR,TCGA-2F-A9KR-01,59,STAGE III,104.6454285,1:DECEASED,101.4564224,1:Recurred/Progressed,No,No,7,0.14,0.3282,11,210,Female,,,101.4564224,1:PROGRESSION,0.6787,71.7044,not_enriched
TCGA-2F-A9KT,TCGA-2F-A9KT-01,83,STAGE II,108.9522307,0:LIVING,108.9522307,0:DiseaseFree,No,No,11.3,0,0.3309,11,338,Male,White,Not Hispanic Or Latino,108.9522307,0:CENSORED,0.1942,11.3058,not_enriched
TCGA-2F-A9KW,TCGA-2F-A9KW-01,67,STAGE III,8.350593418,1:DECEASED,,,No,No,3.166666667,0.09,0.3256,9,94,Female,White,Not Hispanic Or Latino,2.794489923,1:PROGRESSION,0.3194,1.5708,not_enriched
TCGA-4Z-AA7M,TCGA-4Z-AA7M-01,65,STAGE III,16.27379426,0:LIVING,16.27379426,0:DiseaseFree,No,No,16,0.2,0.3448,18,475,Male,White,,16.27379426,0:CENSORED,0.5451,6.5359,not_enriched
TCGA-4Z-AA7N,TCGA-4Z-AA7N-01,65,STAGE III,44.94197324,1:DECEASED,44.94197324,0:DiseaseFree,Yes,No,0.4,0.01,0.329,,12,Male,White,,44.94197324,0:CENSORED,0.0001,3149.17,enriched
TCGA-4Z-AA7O,TCGA-4Z-AA7O-01,64,STAGE II,16.83269224,0:LIVING,16.83269224,0:DiseaseFree,No,No,5.5,0,0.3371,4,164,Male,Black or African American,,16.83269224,0:CENSORED,0.1583,875.811,enriched
TCGA-4Z-AA7Q,TCGA-4Z-AA7Q-01,79,STAGE III,16.76693954,1:DECEASED,,,No,No,7.6,0,0.3387,16,225,Male,White,,16.76693954,0:CENSORED,0.1616,1017.88,enriched
TCGA-4Z-AA7R,TCGA-4Z-AA7R-01,73,STAGE IV,17.16145577,1:DECEASED,,,No,No,10.73333333,0.38,0.35,15,319,Male,Black or African American,,11.60535227,1:PROGRESSION,0.5345,6.6756,not_enriched
TCGA-4Z-AA7S,TCGA-4Z-AA7S-01,66,STAGE III,34.98043857,1:DECEASED,,,No,No,1.966666667,0.12,0.3217,13,57,Male,Black or African American,,34.98043857,0:CENSORED,0.3362,43.9301,not_enriched
TCGA-4Z-AA7W,TCGA-4Z-AA7W-01,55,STAGE II,27.61613571,0:LIVING,24.98602755,1:Recurred/Progressed,No,No,17.3,0.04,0.3296,18,518,Male,White,,24.98602755,1:PROGRESSION,0.2561,2569.23,enriched
TCGA-4Z-AA7Y,TCGA-4Z-AA7Y-01,60,STAGE II,50.03780781,0:LIVING,50.03780781,0:DiseaseFree,No,No,8.8,0.01,0.3253,2,263,Male,White,,50.03780781,0:CENSORED,0.0649,5.966,not_enriched
TCGA-4Z-AA80,TCGA-4Z-AA80-01,73,STAGE II,0.624650689,1:DECEASED,,,No,No,12.66666667,0.06,0.3335,23,374,Male,White,,0.624650689,0:CENSORED,0.4209,100.726,not_enriched
TCGA-4Z-AA81,TCGA-4Z-AA81-01,80,STAGE II,41.75296709,1:DECEASED,41.75296709,0:DiseaseFree,No,No,6.5,0.05,0.3349,21,195,Male,White,,41.75296709,0:CENSORED,0.2415,177.961,enriched
TCGA-4Z-AA82,TCGA-4Z-AA82-01,59,STAGE IV,51.15560377,1:DECEASED,,,No,No,3.166666667,0.02,0.3367,19,95,Male,Black or African American,,37.80780485,1:PROGRESSION,0.3487,59.9214,not_enriched
TCGA-4Z-AA83,TCGA-4Z-AA83-01,52,STAGE II,66.54173653,0:LIVING,66.54173653,0:DiseaseFree,No,No,2.533333333,0,0.3215,5,74,Male,White,,66.54173653,0:CENSORED,0.0745,36.9637,not_enriched
TCGA-4Z-AA84,TCGA-4Z-AA84-01,61,STAGE IV,15.12312194,0:LIVING,,,No,No,14.16666667,0,0.3257,21,423,Male,White,,15.12312194,0:CENSORED,0.4923,40.6303,not_enriched
TCGA-4Z-AA86,TCGA-4Z-AA86-01,66,STAGE IV,10.22454548,1:DECEASED,,,No,No,6.566666667,0,0.3293,18,196,Male,Black or African American,,4.471183877,1:PROGRESSION,0.0683,891.53,enriched
TCGA-4Z-AA87,TCGA-4Z-AA87-01,72,STAGE III,47.80221587,0:LIVING,,,No,No,7.7,0.16,0.3459,18,231,Male,Black or African American,,7.265673801,1:PROGRESSION,0.2989,114.079,enriched
TCGA-4Z-AA89,TCGA-4Z-AA89-01,60,STAGE IV,33.82976625,0:LIVING,,,No,No,4.166666667,0.08,0.3261,1,123,Male,White,,21.30387612,1:PROGRESSION,0.1016,58.4946,not_enriched
TCGA-5N-A9KI,TCGA-5N-A9KI-01,76,STAGE III,2.498602755,1:DECEASED,2.498602755,0:DiseaseFree,No,No,5.1,0.02,0.3453,19,152,Female,White,Not Hispanic Or Latino,2.498602755,0:CENSORED,0.2962,78.6102,not_enriched
TCGA-5N-A9KM,TCGA-5N-A9KM-01,73,STAGE III,17.42446658,1:DECEASED,9.073873163,1:Recurred/Progressed,No,No,6.3,0.03,0.341,6,188,Female,White,Not Hispanic Or Latino,9.073873163,1:PROGRESSION,0.3431,88.835,not_enriched
TCGA-BL-A0C8,TCGA-BL-A0C8-01,73,STAGE I,40.07627314,0:LIVING,20.71210179,1:Recurred/Progressed,No,No,3.666666667,1.5,0.2942,25,111,Male,White,Not Hispanic Or Latino,20.71210179,1:PROGRESSION,,0.0,not_enriched
TCGA-BL-A13I,TCGA-BL-A13I-01,57,STAGE III,7.331426505,1:DECEASED,,,No,No,6.566666667,0.32,0.3343,2,100,Female,White,Not Hispanic Or Latino,7.101292041,1:PROGRESSION,0.0033,99.11,not_enriched
TCGA-BL-A13J,TCGA-BL-A13J-01,65,STAGE IV,2.662984515,1:DECEASED,,,No,No,6.466666667,0.64,0.4,20,97,Male,White,Not Hispanic Or Latino,2.662984515,1:PROGRESSION,,54.1385,not_enriched
TCGA-BL-A3JM,TCGA-BL-A3JM-01,62,STAGE III,6.739652168,1:DECEASED,,,No,No,6.033333333,0.31,0.3391,18,181,Male,White,Not Hispanic Or Latino,3.649275076,1:PROGRESSION,0.2918,220.656,enriched
TCGA-BL-A5ZZ,TCGA-BL-A5ZZ-01,80,STAGE III,12.39438472,0:LIVING,7.956077194,1:Recurred/Progressed,No,No,7.733333333,0.01,0.3018,10,150,Female,White,Not Hispanic Or Latino,7.956077194,1:PROGRESSION,0.0232,5.5003,not_enriched
TCGA-BT-A0S7,TCGA-BT-A0S7-01,75,STAGE III,6.575270408,1:DECEASED,,,No,No,1.233333333,0.13,0.2768,21,37,Male,White,Not Hispanic Or Latino,6.575270408,1:PROGRESSION,0.165,84.6037,not_enriched
TCGA-BT-A0YX,TCGA-BT-A0YX-01,70,STAGE III,13.15054082,1:DECEASED,,,No,No,19.76666667,0,0.2734,1,589,Female,White,Not Hispanic Or Latino,10.71769077,1:PROGRESSION,0.101,320.714,enriched
TCGA-BT-A20J,TCGA-BT-A20J-01,75,STAGE II,19.03540783,1:DECEASED,,,No,No,14.26666667,0.03,0.2897,16,420,Male,White,Not Hispanic Or Latino,8.350593418,1:PROGRESSION,0.4696,4244.81,enriched
TCGA-BT-A20N,TCGA-BT-A20N-01,72,STAGE III,26.13669987,1:DECEASED,,,No,No,7.966666667,0.22,0.2995,15,240,Male,,,26.13669987,1:PROGRESSION,0.5302,23.8353,not_enriched
TCGA-BT-A20O,TCGA-BT-A20O-01,75,STAGE III,12.16425026,1:DECEASED,,,No,No,5.766666667,0,0.2813,1,171,Male,White,Not Hispanic Or Latino,10.35605089,1:PROGRESSION,0.0001,2771.33,enriched
TCGA-BT-A20P,TCGA-BT-A20P-01,81,STAGE III,17.88473551,1:DECEASED,,,No,No,2.9,0.01,0.2963,7,86,Female,White,Not Hispanic Or Latino,17.88473551,0:CENSORED,0.2089,4.1288,not_enriched
TCGA-BT-A20Q,TCGA-BT-A20Q-01,73,STAGE IV,19.49567676,1:DECEASED,,,No,No,3,0,0.2936,6,90,Male,White,Not Hispanic Or Latino,19.49567676,1:PROGRESSION,0.1548,281.75,enriched
TCGA-BT-A20R,TCGA-BT-A20R-01,79,STAGE IV,5.062958214,1:DECEASED,,,No,No,8.4,0,0.3095,15,251,Female,White,Not Hispanic Or Latino,5.062958214,0:CENSORED,0.2351,17.3385,not_enriched
TCGA-BT-A20T,TCGA-BT-A20T-01,63,STAGE IV,14.89298747,1:DECEASED,,,No,No,7.966666667,0.02,0.2993,6,240,Male,White,Not Hispanic Or Latino,10.32317454,1:PROGRESSION,0.3214,171.473,enriched
TCGA-BT-A20U,TCGA-BT-A20U-01,70,STAGE III,14.95874018,1:DECEASED,14.95874018,0:DiseaseFree,No,No,2.833333333,0,0.3009,0,85,Female,White,Not Hispanic Or Latino,14.95874018,0:CENSORED,0.0022,51.5732,not_enriched
TCGA-BT-A20V,TCGA-BT-A20V-01,59,STAGE IV,5.062958214,1:DECEASED,,,No,No,3.3,0.39,0.3292,22,99,Female,Black or African American,Not Hispanic Or Latino,5.062958214,0:CENSORED,0.733,46.9426,not_enriched
TCGA-BT-A20W,TCGA-BT-A20W-01,71,STAGE II,8.350593418,1:DECEASED,8.350593418,0:DiseaseFree,No,No,2.8,0,0.2923,3,84,Male,White,Not Hispanic Or Latino,8.350593418,0:CENSORED,0.2496,447.57,enriched
TCGA-BT-A20X,TCGA-BT-A20X-01,56,STAGE IV,8.251964362,1:DECEASED,,,No,No,2.3,0,0.3094,24,67,Male,White,Not Hispanic Or Latino,8.251964362,1:PROGRESSION,0.1826,59.7189,not_enriched
TCGA-BT-A2LA,TCGA-BT-A2LA-01,54,STAGE III,17.16145577,0:LIVING,17.16145577,0:DiseaseFree,No,No,5.966666667,0.47,0.317,13,178,Male,White,Not Hispanic Or Latino,17.16145577,0:CENSORED,0.5018,1.1754,not_enriched
TCGA-BT-A2LB,TCGA-BT-A2LB-01,73,STAGE III,16.1751652,1:DECEASED,16.1751652,0:DiseaseFree,No,No,34.46666667,0.03,0.3058,25,516,Female,White,Not Hispanic Or Latino,16.1751652,0:CENSORED,0.565,507.654,enriched
TCGA-BT-A2LD,TCGA-BT-A2LD-01,78,STAGE IV,20.48196732,1:DECEASED,,,No,No,3.2,0.02,0.3572,7,96,Female,White,Not Hispanic Or Latino,18.24637538,1:PROGRESSION,0.3334,253.24,enriched
TCGA-BT-A3PH,TCGA-BT-A3PH-01,76,STAGE IV,4.66844199,1:DECEASED,,,No,No,13.96666667,0.14,0.3362,14,417,Male,White,Not Hispanic Or Latino,4.66844199,1:PROGRESSION,0.2398,2.7952,not_enriched
TCGA-BT-A3PJ,TCGA-BT-A3PJ-01,76,STAGE III,25.93944176,0:LIVING,25.93944176,0:DiseaseFree,No,No,14.8,0,0.3298,23,441,Male,White,Not Hispanic Or Latino,25.93944176,0:CENSORED,0.2569,178.571,enriched
TCGA-BT-A3PK,TCGA-BT-A3PK-01,80,STAGE II,9.961534668,1:DECEASED,,,No,No,11.53333333,0,0.3436,5,342,Male,White,Not Hispanic Or Latino,9.961534668,1:PROGRESSION,0.0272,360.432,enriched
TCGA-BT-A42B,TCGA-BT-A42B-01,59,STAGE IV,17.55597199,1:DECEASED,,,No,No,1.766666667,0.19,0.3184,9,53,Male,White,Not Hispanic Or Latino,17.55597199,1:PROGRESSION,0.3172,,
TCGA-BT-A42C,TCGA-BT-A42C-01,64,STAGE II,28.70105533,0:LIVING,28.70105533,0:DiseaseFree,No,No,11.46666667,0.2,0.3324,18,344,Male,White,Not Hispanic Or Latino,28.70105533,0:CENSORED,0.416,16.8407,not_enriched
TCGA-BT-A42E,TCGA-BT-A42E-01,74,STAGE III,36.42699806,0:LIVING,36.42699806,0:DiseaseFree,No,No,5.3,0,0.324,17,158,Male,White,Not Hispanic Or Latino,36.42699806,0:CENSORED,0.519,384.274,enriched
TCGA-BT-A42F,TCGA-BT-A42F-01,64,STAGE IV,28.40516816,0:LIVING,,,No,No,5.566666667,0,0.3106,25,165,Male,White,Not Hispanic Or Latino,28.40516816,0:CENSORED,0.0197,603.899,enriched
TCGA-C4-A0EZ,TCGA-C4-A0EZ-01,69,STAGE IV,8.975244107,1:DECEASED,,,No,No,5.766666667,0.34,0.2845,17,172,Female,,,8.975244107,1:PROGRESSION,0.4557,9.5457,not_enriched
TCGA-C4-A0F0,TCGA-C4-A0F0-01,60,STAGE II,1.93970477,0:LIVING,,,,No,3,0.23,0.2914,26,90,Male,,,1.93970477,0:CENSORED,0.3227,86.934,not_enriched
TCGA-C4-A0F1,TCGA-C4-A0F1-01,71,STAGE III,2.925995332,0:LIVING,,,,No,5.166666667,0,0.2847,,152,Male,,,2.925995332,0:CENSORED,,277.636,enriched
TCGA-C4-A0F6,TCGA-C4-A0F6-01,82,STAGE III,23.01344643,0:LIVING,,,,No,6.366666667,0.4,0.2858,18,191,Female,,,23.01344643,0:CENSORED,0.3635,21.3274,not_enriched
TCGA-C4-A0F7,TCGA-C4-A0F7-01,77,STAGE IV,2.038333827,1:DECEASED,,,,No,2.166666667,1.39,0.2902,,66,Male,,,2.038333827,1:PROGRESSION,,3609.28,enriched
TCGA-CF-A1HR,TCGA-CF-A1HR-01,62,STAGE III,12.78890094,0:LIVING,9.6656475,1:Recurred/Progressed,No,No,8.6,0,0.2777,18,255,Male,Asian,Not Hispanic Or Latino,9.6656475,1:PROGRESSION,0.1941,28.6035,not_enriched
TCGA-CF-A1HS,TCGA-CF-A1HS-01,75,STAGE III,12.55876648,0:LIVING,4.372554821,1:Recurred/Progressed,No,No,8.033333333,0.26,0.2912,15,239,Female,Asian,Not Hispanic Or Latino,4.372554821,1:PROGRESSION,0.5331,93.2457,not_enriched
TCGA-CF-A27C,TCGA-CF-A27C-01,52,STAGE III,13.97244962,0:LIVING,13.97244962,0:DiseaseFree,Yes,No,4.4,0.09,0.3175,3,133,Male,Asian,Not Hispanic Or Latino,13.97244962,0:CENSORED,0.1454,3.1026,not_enriched
TCGA-CF-A3MF,TCGA-CF-A3MF-01,34,STAGE III,12.59164283,0:LIVING,12.59164283,0:DiseaseFree,Yes,No,0.766666667,1.87,0.2754,18,23,Male,Asian,Not Hispanic Or Latino,12.59164283,0:CENSORED,0.454,3.1788,not_enriched
TCGA-CF-A3MG,TCGA-CF-A3MG-01,48,STAGE II,12.1313739,0:LIVING,12.1313739,0:DiseaseFree,No,No,4.233333333,0.04,0.3409,20,125,Male,Asian,Not Hispanic Or Latino,12.1313739,0:CENSORED,0.5341,0.9479,not_enriched
TCGA-CF-A3MH,TCGA-CF-A3MH-01,75,STAGE II,13.08478811,0:LIVING,13.08478811,0:DiseaseFree,Yes,No,1.433333333,0.07,0.3457,9,43,Male,Asian,Not Hispanic Or Latino,13.08478811,0:CENSORED,0.2252,2.8124,not_enriched
TCGA-CF-A3MI,TCGA-CF-A3MI-01,62,STAGE II,12.16425026,0:LIVING,12.16425026,0:DiseaseFree,No,No,2.1,0.14,0.3577,17,63,Male,Asian,Not Hispanic Or Latino,12.16425026,0:CENSORED,0.4938,14.0672,not_enriched
TCGA-CF-A47S,TCGA-CF-A47S-01,41,STAGE II,10.94782523,0:LIVING,10.94782523,0:DiseaseFree,Yes,No,0.9,0.05,0.296,5,27,Male,Asian,Not Hispanic Or Latino,10.94782523,0:CENSORED,0.1315,6.6259,not_enriched
TCGA-CF-A47T,TCGA-CF-A47T-01,58,STAGE II,12.65739554,1:DECEASED,4.569812934,1:Recurred/Progressed,Yes,No,0.9,0.07,0.3,3,27,Female,Asian,Not Hispanic Or Latino,4.569812934,1:PROGRESSION,0.0508,3.6254,not_enriched
TCGA-CF-A47V,TCGA-CF-A47V-01,52,STAGE II,12.46013742,0:LIVING,12.46013742,0:DiseaseFree,Yes,No,2.2,0.02,0.3274,3,66,Male,Asian,Not Hispanic Or Latino,12.46013742,0:CENSORED,0.1117,10.6809,not_enriched
TCGA-CF-A47W,TCGA-CF-A47W-01,42,STAGE II,12.09849755,0:LIVING,12.09849755,0:DiseaseFree,No,No,0.9,0,0.3304,0,27,Male,Asian,Not Hispanic Or Latino,12.09849755,0:CENSORED,0.0001,0.9434,not_enriched
TCGA-CF-A47X,TCGA-CF-A47X-01,60,STAGE II,12.62451918,0:LIVING,12.62451918,0:DiseaseFree,Yes,No,9.766666667,0.02,0.3251,16,288,Male,Asian,Not Hispanic Or Latino,12.62451918,0:CENSORED,0.5195,26.1059,not_enriched
TCGA-CF-A47Y,TCGA-CF-A47Y-01,55,STAGE II,12.26287931,0:LIVING,12.26287931,0:DiseaseFree,No,No,2.033333333,0,0.3205,0,60,Male,Asian,Not Hispanic Or Latino,12.26287931,0:CENSORED,0.0002,1.1474,not_enriched
TCGA-CF-A5U8,TCGA-CF-A5U8-01,59,STAGE II,13.11766446,0:LIVING,13.11766446,0:DiseaseFree,No,No,1.533333333,0.03,0.3098,2,46,Male,Asian,Not Hispanic Or Latino,13.11766446,0:CENSORED,0.1238,3.6998,not_enriched
TCGA-CF-A5UA,TCGA-CF-A5UA-01,67,STAGE II,11.9998685,0:LIVING,11.9998685,0:DiseaseFree,No,No,2.233333333,0.09,0.3096,8,66,Male,Asian,Not Hispanic Or Latino,11.9998685,0:CENSORED,0.2443,0.994,not_enriched
TCGA-CF-A7I0,TCGA-CF-A7I0-01,54,STAGE II,12.09849755,0:LIVING,12.09849755,0:DiseaseFree,No,No,1.233333333,0.01,0.3211,3,37,Male,Asian,Not Hispanic Or Latino,12.09849755,0:CENSORED,0.1514,4.0299,not_enriched
TCGA-CF-A8HX,TCGA-CF-A8HX-01,55,STAGE II,11.34234145,0:LIVING,11.34234145,0:DiseaseFree,No,No,1.766666667,0.03,0.3363,5,52,Female,Asian,Not Hispanic Or Latino,11.34234145,0:CENSORED,0.212,4.2735,not_enriched
TCGA-CF-A8HY,TCGA-CF-A8HY-01,59,STAGE II,11.34234145,0:LIVING,11.34234145,0:DiseaseFree,No,No,2.966666667,0.16,0.3352,25,89,Male,Asian,Not Hispanic Or Latino,11.34234145,0:CENSORED,0.5576,0.6817,not_enriched
TCGA-CF-A9FF,TCGA-CF-A9FF-01,52,STAGE II,11.86836309,0:LIVING,11.86836309,0:DiseaseFree,No,No,4.4,0.01,0.3177,5,132,Male,Asian,Not Hispanic Or Latino,11.86836309,0:CENSORED,0.1708,584.296,enriched
TCGA-CF-A9FH,TCGA-CF-A9FH-01,85,STAGE II,0,0:LIVING,0,0:DiseaseFree,No,No,1.266666667,0.33,0.328,5,38,Male,Asian,Not Hispanic Or Latino,0,0:CENSORED,0.1132,17.8542,not_enriched
TCGA-CF-A9FL,TCGA-CF-A9FL-01,85,STAGE III,18.5751389,1:DECEASED,10.58618536,1:Recurred/Progressed,No,No,1.9,0,0.3227,4,58,Male,Asian,Not Hispanic Or Latino,10.58618536,1:PROGRESSION,0.1418,160.337,enriched
TCGA-CF-A9FM,TCGA-CF-A9FM-01,50,STAGE I,13.08478811,0:LIVING,13.08478811,0:DiseaseFree,No,No,0.7,0,0.3169,0,21,Male,Asian,Not Hispanic Or Latino,13.08478811,0:CENSORED,0.0198,5.1041,not_enriched
TCGA-CU-A0YN,TCGA-CU-A0YN-01,60,STAGE III,12.92040635,1:DECEASED,,,No,No,4.866666667,0.07,0.2856,22,145,Male,White,Not Hispanic Or Latino,12.92040635,0:CENSORED,0.3339,212.0,enriched
TCGA-CU-A0YO,TCGA-CU-A0YO-01,84,STAGE IV,4.898576454,1:DECEASED,,,No,No,3.066666667,0.01,0.2791,15,90,Male,White,Not Hispanic Or Latino,3.879409541,1:PROGRESSION,0.1541,38.1963,not_enriched
TCGA-CU-A0YR,TCGA-CU-A0YR-01,83,STAGE IV,15.12312194,1:DECEASED,,,No,No,9.266666667,0.05,0.2754,12,140,Male,White,Not Hispanic Or Latino,7.199921097,1:PROGRESSION,0.3139,160.616,enriched
TCGA-CU-A3KJ,TCGA-CU-A3KJ-01,75,STAGE III,18.47650985,0:LIVING,,,No,No,6.766666667,0.35,0.2424,18,203,Male,White,Not Hispanic Or Latino,5.457474439,1:PROGRESSION,0.5641,53.8607,not_enriched
TCGA-CU-A3QU,TCGA-CU-A3QU-01,58,STAGE IV,5.194463622,0:LIVING,,,No,No,2.866666667,0.47,0.3389,14,86,Male,White,Not Hispanic Or Latino,5.194463622,0:CENSORED,0.6419,0.3178,not_enriched
TCGA-CU-A3YL,TCGA-CU-A3YL-01,67,STAGE III,29.78597495,0:LIVING,12.16425026,1:Recurred/Progressed,No,No,7.066666667,0,0.3192,5,212,Male,White,Not Hispanic Or Latino,12.16425026,1:PROGRESSION,0.1775,62.7907,not_enriched
TCGA-CU-A5W6,TCGA-CU-A5W6-01,70,STAGE III,1.841075714,1:DECEASED,1.841075714,0:DiseaseFree,No,No,6.666666667,0.05,0.3127,18,200,Male,White,Not Hispanic Or Latino,1.841075714,0:CENSORED,0.1666,31.0627,not_enriched
TCGA-CU-A72E,TCGA-CU-A72E-01,76,STAGE IV,13.57793339,1:DECEASED,,,No,Yes,3.033333333,0.02,0.322,6,90,Male,White,Not Hispanic Or Latino,8.416346122,1:PROGRESSION,0.1538,20.9618,not_enriched
TCGA-DK-A1A3,TCGA-DK-A1A3-01,60,STAGE IV,21.86277411,1:DECEASED,,,,No,18.9,0,0.2939,21,568,Male,White,Not Hispanic Or Latino,21.86277411,1:PROGRESSION,0.4726,244.238,enriched
TCGA-DK-A1A5,TCGA-DK-A1A5-01,79,STAGE II,2.136962883,1:DECEASED,2.136962883,0:DiseaseFree,No,No,7.933333333,1.02,0.3039,17,237,Male,White,Not Hispanic Or Latino,2.136962883,0:CENSORED,0.5545,102.034,not_enriched
TCGA-DK-A1A6,TCGA-DK-A1A6-01,53,STAGE IV,66.41023112,0:LIVING,,,No,No,0,0.56,0.3055,,,Male,White,,66.41023112,0:CENSORED,0.3997,1080.64,enriched
TCGA-DK-A1A7,TCGA-DK-A1A7-01,67,STAGE IV,18.41075714,0:LIVING,,,No,No,7.266666667,0.96,0.3021,13,216,Female,White,Not Hispanic Or Latino,3.682151429,1:PROGRESSION,0.5886,798.533,enriched
TCGA-DK-A1AA,TCGA-DK-A1AA-01,57,STAGE III,19.00253148,0:LIVING,19.00253148,0:DiseaseFree,No,No,2.533333333,1.25,0.2842,2,76,Male,White,Not Hispanic Or Latino,19.00253148,0:CENSORED,0.0549,1.5868,not_enriched
TCGA-DK-A1AB,TCGA-DK-A1AB-01,74,STAGE IV,16.70118684,1:DECEASED,,,No,No,5.966666667,0,0.2863,11,178,Female,White,Not Hispanic Or Latino,11.96699214,1:PROGRESSION,0.2307,139.973,enriched
TCGA-DK-A1AC,TCGA-DK-A1AC-01,72,STAGE III,130.8807575,0:LIVING,130.8807575,0:DiseaseFree,No,No,43.23333333,0.25,0.3059,12,1293,Male,White,,130.8807575,0:CENSORED,0.5352,698.985,enriched
TCGA-DK-A1AD,TCGA-DK-A1AD-01,69,STAGE IV,112.437124,0:LIVING,,,No,No,7.433333333,0.5,0.2888,15,222,Male,White,,112.437124,0:CENSORED,0.5585,287.649,enriched
TCGA-DK-A1AE,TCGA-DK-A1AE-01,84,STAGE III,16.14228885,0:LIVING,,,No,No,3.633333333,0,0.2916,0,107,Male,White,Not Hispanic Or Latino,6.93691028,1:PROGRESSION,0.096,2450.82,enriched
TCGA-DK-A1AF,TCGA-DK-A1AF-01,84,STAGE IV,17.62172469,0:LIVING,,,No,No,3.4,0,0.2754,4,103,Female,White,Not Hispanic Or Latino,9.304007627,1:PROGRESSION,0.0008,185.281,enriched
TCGA-DK-A1AG,TCGA-DK-A1AG-01,65,STAGE III,15.61626722,0:LIVING,15.61626722,0:DiseaseFree,No,No,3.7,0.1,0.2822,2,111,Male,White,Not Hispanic Or Latino,15.61626722,0:CENSORED,0.0617,3.6782,not_enriched
TCGA-DK-A2HX,TCGA-DK-A2HX-01,80,STAGE IV,46.6844199,1:DECEASED,,,,No,3.2,0.03,0.3002,19,99,Female,White,Not Hispanic Or Latino,46.6844199,0:CENSORED,0.3535,39.8936,not_enriched
TCGA-DK-A2I1,TCGA-DK-A2I1-01,73,STAGE II,17.95048821,0:LIVING,17.95048821,0:DiseaseFree,No,No,23.83333333,0.25,0.2833,23,708,Female,White,Not Hispanic Or Latino,17.95048821,0:CENSORED,0.6916,696.063,enriched
TCGA-DK-A2I2,TCGA-DK-A2I2-01,63,STAGE IV,7.791695434,1:DECEASED,,,No,No,13.56666667,0.01,0.307,19,406,Female,White,Not Hispanic Or Latino,5.358845383,1:PROGRESSION,0.4227,170.155,enriched
TCGA-DK-A2I4,TCGA-DK-A2I4-01,79,STAGE III,142.7819969,0:LIVING,142.7819969,0:DiseaseFree,No,No,26.83333333,0.19,0.2236,20,799,Male,White,Not Hispanic Or Latino,142.7819969,0:CENSORED,0.0957,1835.6,enriched
TCGA-DK-A2I6,TCGA-DK-A2I6-01,81,STAGE IV,87.31959102,0:LIVING,,,No,No,8.266666667,0.04,0.312,21,247,Male,White,Not Hispanic Or Latino,87.31959102,0:CENSORED,0.4978,33.1599,not_enriched
TCGA-DK-A3IK,TCGA-DK-A3IK-01,87,STAGE IV,4.799947398,1:DECEASED,,,,No,6.533333333,0.13,0.3076,14,195,Male,White,Not Hispanic Or Latino,4.799947398,0:CENSORED,0.4173,208.767,enriched
TCGA-DK-A3IL,TCGA-DK-A3IL-01,79,STAGE IV,13.57793339,1:DECEASED,,,,No,5.8,0.11,0.3623,18,171,Female,White,Not Hispanic Or Latino,13.57793339,0:CENSORED,0.4195,358.949,enriched
TCGA-DK-A3IM,TCGA-DK-A3IM-01,76,STAGE III,8.153335306,1:DECEASED,6.60814676,1:Recurred/Progressed,,No,2.533333333,0.47,0.3511,14,76,Male,White,Not Hispanic Or Latino,6.60814676,1:PROGRESSION,0.6409,93.4611,not_enriched
TCGA-DK-A3IN,TCGA-DK-A3IN-01,72,STAGE III,8.21908801,1:DECEASED,8.21908801,0:DiseaseFree,No,No,11.8,0,0.3319,23,355,Male,White,Not Hispanic Or Latino,8.21908801,0:CENSORED,0.2776,166.355,enriched
TCGA-DK-A3IQ,TCGA-DK-A3IQ-01,74,STAGE III,17.72035375,1:DECEASED,8.21908801,1:Recurred/Progressed,No,No,5.633333333,0.03,0.3002,10,168,Male,White,Not Hispanic Or Latino,8.21908801,1:PROGRESSION,0.2382,9.2308,not_enriched
TCGA-DK-A3IS,TCGA-DK-A3IS-01,68,STAGE II,50.26794227,0:LIVING,50.26794227,0:DiseaseFree,No,No,10.33333333,0.82,0.2659,22,307,Male,White,Not Hispanic Or Latino,50.26794227,0:CENSORED,0.4593,54.0127,not_enriched
TCGA-DK-A3IT,TCGA-DK-A3IT-01,62,STAGE III,21.30387612,0:LIVING,21.30387612,0:DiseaseFree,No,No,13.3,0,0.3182,18,397,Male,White,Not Hispanic Or Latino,21.30387612,0:CENSORED,0.2813,515.379,enriched
TCGA-DK-A3IU,TCGA-DK-A3IU-01,58,STAGE II,23.21070454,1:DECEASED,15.18887464,1:Recurred/Progressed,No,No,11.86666667,0,0.3433,8,355,Male,White,Not Hispanic Or Latino,15.18887464,1:PROGRESSION,0.0615,4963.06,enriched
TCGA-DK-A3IV,TCGA-DK-A3IV-01,60,STAGE II,9.6656475,1:DECEASED,,,No,No,2.533333333,0.09,0.337,9,76,Male,White,Not Hispanic Or Latino,6.969786633,1:PROGRESSION,0.2851,428.602,enriched
TCGA-DK-A3WW,TCGA-DK-A3WW-01,57,STAGE III,20.81073084,0:LIVING,20.81073084,0:DiseaseFree,No,No,36.13333333,0.22,0.3282,0,1079,Male,White,Not Hispanic Or Latino,20.81073084,0:CENSORED,0.0047,492.41,enriched
TCGA-DK-A3WX,TCGA-DK-A3WX-01,67,STAGE III,10.55330901,1:DECEASED,,,No,No,1.1,0,0.3191,12,33,Female,White,Not Hispanic Or Latino,5.490350791,1:PROGRESSION,0.0376,119.719,enriched
TCGA-DK-A3WY,TCGA-DK-A3WY-01,67,STAGE III,163.2968406,0:LIVING,163.2968406,0:DiseaseFree,No,No,0.633333333,0,0.3199,,19,Female,White,Not Hispanic Or Latino,163.2968406,0:CENSORED,0,18246.7,enriched
TCGA-DK-A3X1,TCGA-DK-A3X1-01,78,STAGE III,66.04859125,0:LIVING,66.04859125,0:DiseaseFree,No,No,26.1,0.02,0.3336,17,780,Female,White,Not Hispanic Or Latino,66.04859125,0:CENSORED,0.2663,70.717,not_enriched
TCGA-DK-A3X2,TCGA-DK-A3X2-01,85,STAGE IV,17.98336457,1:DECEASED,,,No,No,4.066666667,0.77,0.3177,23,122,Male,White,Not Hispanic Or Latino,17.52309564,1:PROGRESSION,0.6314,9.7314,not_enriched
TCGA-DK-A6AV,TCGA-DK-A6AV-01,82,STAGE II,64.17463918,0:LIVING,64.17463918,0:DiseaseFree,No,No,3.466666667,0.03,0.3242,27,104,Female,Asian,Not Hispanic Or Latino,64.17463918,0:CENSORED,0.6947,440.431,enriched
TCGA-DK-A6AW,TCGA-DK-A6AW-01,70,STAGE II,53.29256666,0:LIVING,53.29256666,0:DiseaseFree,No,No,118.6333333,0.18,0.3077,0,3552,Male,White,Not Hispanic Or Latino,53.29256666,0:CENSORED,0.0216,1318.02,enriched
TCGA-DK-A6B0,TCGA-DK-A6B0-01,61,STAGE II,76.60190025,0:LIVING,76.60190025,0:DiseaseFree,No,No,0.8,0.01,0.3166,0,24,Male,White,Not Hispanic Or Latino,76.60190025,0:CENSORED,0.0003,0.0,not_enriched
TCGA-DK-A6B1,TCGA-DK-A6B1-01,67,STAGE II,67.36364533,0:LIVING,67.36364533,0:DiseaseFree,No,No,4.2,0.15,0.3087,18,126,Male,White,Not Hispanic Or Latino,67.36364533,0:CENSORED,0.4631,1.9816,not_enriched
TCGA-DK-A6B2,TCGA-DK-A6B2-01,70,STAGE IV,15.68201992,0:LIVING,,,No,No,5.733333333,0.16,0.3143,21,171,Male,White,Not Hispanic Or Latino,8.810862347,1:PROGRESSION,0.3748,143.635,enriched
TCGA-DK-A6B5,TCGA-DK-A6B5-01,45,STAGE IV,50.69533485,0:LIVING,,,No,No,3.9,0.06,0.3449,14,115,Male,White,Not Hispanic Or Latino,50.69533485,0:CENSORED,0.9455,295.157,enriched
TCGA-DK-A6B6,TCGA-DK-A6B6-01,57,STAGE II,36.65713253,0:LIVING,36.65713253,0:DiseaseFree,No,No,26.66666667,0.05,0.3121,18,795,Male,White,Not Hispanic Or Latino,36.65713253,0:CENSORED,0.177,261.251,enriched
TCGA-DK-AA6L,TCGA-DK-AA6L-01,48,STAGE IV,38.23519742,1:DECEASED,,,No,No,12.76666667,0.02,0.3309,16,384,Male,White,Not Hispanic Or Latino,30.24624388,1:PROGRESSION,0.6373,27.6186,not_enriched
TCGA-DK-AA6M,TCGA-DK-AA6M-01,64,STAGE II,52.01038893,0:LIVING,,,No,No,2.033333333,0.03,0.3293,8,60,Female,White,Not Hispanic Or Latino,52.01038893,0:CENSORED,0.1917,95.7751,not_enriched
TCGA-DK-AA6P,TCGA-DK-AA6P-01,72,STAGE II,15.02449288,0:LIVING,,,No,No,5.733333333,0.48,0.3319,23,171,Female,White,Not Hispanic Or Latino,0.526021633,1:PROGRESSION,0.6321,3.9442,not_enriched
TCGA-DK-AA6Q,TCGA-DK-AA6Q-01,61,STAGE IV,13.57793339,1:DECEASED,,,No,No,3.8,0.05,0.3192,9,113,Female,White,Not Hispanic Or Latino,9.369760331,1:PROGRESSION,0.3947,843.514,enriched
TCGA-DK-AA6R,TCGA-DK-AA6R-01,68,STAGE IV,165.7296906,0:LIVING,,,No,No,11.1,0.05,0.3337,15,330,Male,White,Not Hispanic Or Latino,161.3242595,1:PROGRESSION,0.616,211.756,enriched
TCGA-DK-AA6S,TCGA-DK-AA6S-01,60,STAGE III,166.0255778,0:LIVING,17.72035375,1:Recurred/Progressed,Yes,No,17.63333333,0,0.3274,8,528,Male,White,Not Hispanic Or Latino,17.72035375,1:PROGRESSION,0.3712,734.541,enriched
TCGA-DK-AA6T,TCGA-DK-AA6T-01,63,STAGE II,18.80527337,0:LIVING,18.80527337,0:DiseaseFree,Yes,No,2.833333333,0,0.3211,4,87,Male,White,Not Hispanic Or Latino,18.80527337,0:CENSORED,0.2141,171.875,enriched
TCGA-DK-AA6U,TCGA-DK-AA6U-01,64,STAGE II,19.00253148,0:LIVING,19.00253148,0:DiseaseFree,No,No,13.96666667,0.03,0.3194,10,415,Male,White,Not Hispanic Or Latino,19.00253148,0:CENSORED,0.4459,29.4264,not_enriched
TCGA-DK-AA6W,TCGA-DK-AA6W-01,78,STAGE II,13.6436861,1:DECEASED,,,Yes,No,7.766666667,0.13,0.33,13,229,Male,White,Not Hispanic Or Latino,12.46013742,1:PROGRESSION,0.5578,61.4355,not_enriched
TCGA-DK-AA6X,TCGA-DK-AA6X-01,63,STAGE II,15.3532564,0:LIVING,,,No,No,3.666666667,0,0.3316,8,107,Male,White,Not Hispanic Or Latino,15.3532564,0:CENSORED,0.1976,333.595,enriched
TCGA-DK-AA71,TCGA-DK-AA71-01,71,STAGE II,13.6436861,0:LIVING,,,No,No,20,0.03,0.3431,12,590,Male,White,Not Hispanic Or Latino,13.6436861,0:CENSORED,0.3807,62.7329,not_enriched
TCGA-DK-AA74,TCGA-DK-AA74-01,75,STAGE III,56.15280928,0:LIVING,56.15280928,0:DiseaseFree,No,No,7.333333333,0,0.3308,10,220,Male,White,Not Hispanic Or Latino,56.15280928,0:CENSORED,0.0559,940.163,enriched
TCGA-DK-AA75,TCGA-DK-AA75-01,82,STAGE III,11.17795969,1:DECEASED,,,No,No,14,0.16,0.3282,,412,Male,White,Not Hispanic Or Latino,10.78344347,1:PROGRESSION,0.5069,6.3927,not_enriched
TCGA-DK-AA76,TCGA-DK-AA76-01,64,STAGE II,12.03274485,0:LIVING,12.03274485,0:DiseaseFree,No,No,7.633333333,0.13,0.3349,6,226,Female,White,Not Hispanic Or Latino,12.03274485,0:CENSORED,0.3069,1.0534,not_enriched
TCGA-DK-AA77,TCGA-DK-AA77-01,61,STAGE II,20.31758556,0:LIVING,,,No,No,10.73333333,0.13,0.3357,7,320,Male,White,Not Hispanic Or Latino,15.3532564,1:PROGRESSION,0.3331,415.429,enriched
TCGA-E5-A2PC,TCGA-E5-A2PC-01,61,STAGE IV,43.59404281,0:LIVING,,,No,No,6.833333333,0.05,0.3096,24,206,Female,White,Not Hispanic Or Latino,43.59404281,0:CENSORED,0.6451,160.176,enriched
TCGA-E5-A4TZ,TCGA-E5-A4TZ-01,64,STAGE IV,15.3532564,1:DECEASED,,,No,Yes,14.03333333,1.01,0.3413,25,417,Male,White,Not Hispanic Or Latino,14.30121314,1:PROGRESSION,0.4505,63.0395,not_enriched
TCGA-E5-A4U1,TCGA-E5-A4U1-01,72,STAGE II,38.82697176,0:LIVING,23.17782819,1:Recurred/Progressed,No,No,18.5,0.28,0.3324,16,551,Male,,Not Hispanic Or Latino,23.17782819,1:PROGRESSION,0.4421,0.0,not_enriched
TCGA-E7-A3X6,TCGA-E7-A3X6-01,70,STAGE II,29.72022224,1:DECEASED,12.1313739,1:Recurred/Progressed,No,No,3.6,0,0.3159,10,108,Male,White,Not Hispanic Or Latino,12.1313739,1:PROGRESSION,0.2866,483.721,enriched
TCGA-E7-A3Y1,TCGA-E7-A3Y1-01,57,STAGE II,5.358845383,0:LIVING,5.358845383,0:DiseaseFree,Yes,No,5.066666667,0.07,0.3125,1,151,Male,White,Not Hispanic Or Latino,5.358845383,0:CENSORED,0.0342,25.1168,not_enriched
TCGA-E7-A4IJ,TCGA-E7-A4IJ-01,56,STAGE II,22.15866128,1:DECEASED,20.38333827,1:Recurred/Progressed,No,No,10.16666667,0.05,0.3251,23,304,Male,Asian,Not Hispanic Or Latino,20.38333827,1:PROGRESSION,0.5517,173.246,enriched
TCGA-E7-A4XJ,TCGA-E7-A4XJ-01,66,STAGE II,2.235591939,1:DECEASED,2.235591939,0:DiseaseFree,No,No,1.3,0.05,0.3217,0,39,Male,Asian,Not Hispanic Or Latino,2.235591939,0:CENSORED,0.0164,0.0,not_enriched
TCGA-E7-A519,TCGA-E7-A519-01,72,STAGE II,16.70118684,0:LIVING,16.70118684,0:DiseaseFree,No,No,2.233333333,0,0.3046,0,66,Male,White,Not Hispanic Or Latino,16.70118684,0:CENSORED,0.0164,2.0121,not_enriched
TCGA-E7-A541,TCGA-E7-A541-01,66,STAGE II,25.57780189,1:DECEASED,25.57780189,0:DiseaseFree,No,No,14.13333333,0.02,0.3155,26,421,Male,White,Not Hispanic Or Latino,25.57780189,0:CENSORED,0.4173,267.224,enriched
TCGA-E7-A5KE,TCGA-E7-A5KE-01,78,STAGE II,0.558897985,0:LIVING,,,No,No,5.7,0.5,0.328,15,171,Female,Asian,Not Hispanic Or Latino,0.558897985,0:CENSORED,0.4822,0.4219,not_enriched
TCGA-E7-A5KF,TCGA-E7-A5KF-01,67,STAGE II,0.657527041,0:LIVING,,,,No,5.766666667,0.03,0.3095,3,173,Male,Asian,Not Hispanic Or Latino,0.657527041,0:CENSORED,0.096,1.9608,not_enriched
TCGA-E7-A677,TCGA-E7-A677-01,81,STAGE II,26.95860867,0:LIVING,26.95860867,0:DiseaseFree,No,No,7.166666667,0.06,0.3003,3,214,Male,Asian,Not Hispanic Or Latino,26.95860867,0:CENSORED,0.1035,29.221,not_enriched
TCGA-E7-A678,TCGA-E7-A678-01,55,STAGE III,26.23532893,0:LIVING,26.23532893,0:DiseaseFree,No,No,1.533333333,0.04,0.3072,0,46,Male,Asian,Not Hispanic Or Latino,26.23532893,0:CENSORED,0.0003,5.2185,not_enriched
TCGA-E7-A6MD,TCGA-E7-A6MD-01,66,STAGE IV,4.241049413,0:LIVING,,,,No,13.53333333,0.01,0.3281,20,407,Male,White,Not Hispanic Or Latino,4.241049413,0:CENSORED,0.5025,860.804,enriched
TCGA-E7-A6ME,TCGA-E7-A6ME-01,75,STAGE II,24.03261334,0:LIVING,24.03261334,0:DiseaseFree,No,No,4.1,0.18,0.3346,9,120,Male,Asian,Not Hispanic Or Latino,24.03261334,0:CENSORED,0.2933,82.423,not_enriched
TCGA-E7-A6MF,TCGA-E7-A6MF-01,37,STAGE II,24.65726403,0:LIVING,24.65726403,0:DiseaseFree,No,No,1.366666667,0,0.3302,0,41,Male,Asian,Not Hispanic Or Latino,24.65726403,0:CENSORED,0.0001,25.6025,not_enriched
TCGA-E7-A7DU,TCGA-E7-A7DU-01,73,STAGE III,0.920537857,0:LIVING,0.920537857,0:DiseaseFree,No,No,8.266666667,0,0.3325,17,243,Male,White,Not Hispanic Or Latino,0.920537857,0:CENSORED,0.2578,4.4131,not_enriched
TCGA-E7-A7DV,TCGA-E7-A7DV-01,44,STAGE IV,1.216425026,0:LIVING,,,No,No,16.5,0.02,0.3199,16,493,Male,White,Not Hispanic Or Latino,1.216425026,0:CENSORED,0.1653,50.9454,not_enriched
TCGA-E7-A7PW,TCGA-E7-A7PW-01,63,STAGE III,13.67656245,0:LIVING,5.720485255,1:Recurred/Progressed,No,No,2.566666667,0.16,0.3332,15,76,Male,Asian,Not Hispanic Or Latino,5.720485255,1:PROGRESSION,0.4618,51.4762,not_enriched
TCGA-E7-A7XN,TCGA-E7-A7XN-01,66,STAGE III,14.07107867,0:LIVING,,,No,No,28.86666667,0,0.3247,0,861,Male,Asian,Not Hispanic Or Latino,6.246506888,1:PROGRESSION,0.0006,1140.74,enriched
TCGA-E7-A85H,TCGA-E7-A85H-01,64,STAGE III,12.9532827,0:LIVING,12.9532827,0:DiseaseFree,No,No,12.9,0.32,0.3438,10,383,Male,Asian,Not Hispanic Or Latino,12.9532827,0:CENSORED,0.6306,351.043,enriched
TCGA-E7-A8O7,TCGA-E7-A8O7-01,52,STAGE II,15.32038005,0:LIVING,15.32038005,0:DiseaseFree,No,No,0.833333333,0.02,0.3141,0,26,Male,Asian,Not Hispanic Or Latino,15.32038005,0:CENSORED,0.0342,69.8462,not_enriched
TCGA-E7-A97P,TCGA-E7-A97P-01,73,STAGE II,14.36696584,1:DECEASED,14.36696584,0:DiseaseFree,No,No,6.433333333,0,0.3186,2,193,Male,Asian,Not Hispanic Or Latino,14.36696584,0:CENSORED,0.0773,652.237,enriched
TCGA-E7-A97Q,TCGA-E7-A97Q-01,60,STAGE IV,8.087582602,1:DECEASED,,,No,No,2.1,0.01,0.3288,25,63,Female,White,Not Hispanic Or Latino,8.087582602,1:PROGRESSION,0.5712,33.2208,not_enriched
TCGA-FD-A3B3,TCGA-FD-A3B3-01,74,STAGE III,32.02156689,1:DECEASED,32.02156689,0:DiseaseFree,No,No,5.466666667,0,0.298,11,164,Female,White,Not Hispanic Or Latino,32.02156689,0:CENSORED,0.0298,3610.56,enriched
TCGA-FD-A3B4,TCGA-FD-A3B4-01,55,STAGE III,16.76693954,1:DECEASED,11.80261038,1:Recurred/Progressed,No,No,2.4,0,0.3016,7,72,Female,Black or African American,Not Hispanic Or Latino,11.80261038,1:PROGRESSION,0.2395,2975.17,enriched
TCGA-FD-A3B5,TCGA-FD-A3B5-01,86,STAGE IV,8.942367755,1:DECEASED,,,No,No,4.7,0.38,0.3672,16,143,Male,Black or African American,Not Hispanic Or Latino,8.942367755,1:PROGRESSION,0.3733,11.0619,not_enriched
TCGA-FD-A3B6,TCGA-FD-A3B6-01,75,STAGE II,33.0407338,1:DECEASED,33.0407338,0:DiseaseFree,No,No,8.566666667,0.02,0.342,15,255,Male,White,Not Hispanic Or Latino,33.0407338,0:CENSORED,0.3687,854.171,enriched
TCGA-FD-A3B7,TCGA-FD-A3B7-01,66,STAGE III,4.010914949,1:DECEASED,,,No,No,2.233333333,0,0.3411,12,64,Male,Black or African American,Not Hispanic Or Latino,3.616398724,1:PROGRESSION,0.0555,830.702,enriched
TCGA-FD-A3B8,TCGA-FD-A3B8-01,56,STAGE II,12.62451918,0:LIVING,12.62451918,0:DiseaseFree,No,No,1.266666667,0,0.3357,,38,Male,White,Hispanic Or Latino,12.62451918,0:CENSORED,0.0015,3118.77,enriched
TCGA-FD-A3N5,TCGA-FD-A3N5-01,69,STAGE II,22.52030115,1:DECEASED,,,No,No,9.3,4.96,0.2433,9,275,Male,Black or African American,Not Hispanic Or Latino,11.37521781,1:PROGRESSION,0.3789,124.741,enriched
TCGA-FD-A3N6,TCGA-FD-A3N6-01,43,STAGE II,27.97777559,0:LIVING,27.97777559,0:DiseaseFree,No,No,3.7,7.81,0.229,1,113,Female,Black or African American,Not Hispanic Or Latino,27.97777559,0:CENSORED,0.0753,216.103,enriched
TCGA-FD-A3NA,TCGA-FD-A3NA-01,60,STAGE II,60.65686951,0:LIVING,60.65686951,0:DiseaseFree,No,No,5.6,0.21,0.3275,18,166,Male,White,Not Hispanic Or Latino,43.98855903,1:PROGRESSION,0.1987,95.2223,not_enriched
TCGA-FD-A3SJ,TCGA-FD-A3SJ-01,59,STAGE IV,24.29562416,1:DECEASED,,,No,No,7.333333333,0.01,0.3309,15,219,Male,White,Not Hispanic Or Latino,9.238254923,1:PROGRESSION,0.4746,298.928,enriched
TCGA-FD-A3SL,TCGA-FD-A3SL-01,60,STAGE IV,23.40796265,1:DECEASED,,,No,No,6.866666667,0.02,0.3359,14,201,Male,White,Not Hispanic Or Latino,8.54785153,1:PROGRESSION,0.2824,194.833,enriched
TCGA-FD-A3SM,TCGA-FD-A3SM-01,70,STAGE IV,17.98336457,1:DECEASED,,,No,No,6.133333333,0,0.3142,7,185,Male,White,Not Hispanic Or Latino,4.734194694,1:PROGRESSION,0.201,26.5458,not_enriched
TCGA-FD-A3SN,TCGA-FD-A3SN-01,79,STAGE III,29.16132426,0:LIVING,,,No,No,11.3,0.15,0.3376,10,335,Male,White,Hispanic Or Latino,3.616398724,1:PROGRESSION,0.3756,24.4336,not_enriched
TCGA-FD-A3SO,TCGA-FD-A3SO-01,68,STAGE IV,5.523227143,1:DECEASED,,,No,No,10.76666667,0,0.331,12,322,Male,White,Not Hispanic Or Latino,4.701318342,1:PROGRESSION,0.2555,293.988,enriched
TCGA-FD-A3SP,TCGA-FD-A3SP-01,60,STAGE III,25.74218365,0:LIVING,25.74218365,0:DiseaseFree,No,No,3.566666667,0,0.3293,9,108,Male,White,Not Hispanic Or Latino,25.74218365,0:CENSORED,0.0586,256.896,enriched
TCGA-FD-A3SQ,TCGA-FD-A3SQ-01,62,STAGE IV,46.78304895,1:DECEASED,,,No,No,2.266666667,0,0.3375,9,67,Male,White,Not Hispanic Or Latino,32.58046487,1:PROGRESSION,0.2063,328.093,enriched
TCGA-FD-A3SR,TCGA-FD-A3SR-01,68,STAGE IV,19.79156393,1:DECEASED,,,No,No,4.433333333,0.07,0.3293,14,133,Male,White,Not Hispanic Or Latino,12.23000296,1:PROGRESSION,0.5694,84.2914,not_enriched
TCGA-FD-A3SS,TCGA-FD-A3SS-01,66,STAGE IV,12.85465365,1:DECEASED,,,No,No,14.73333333,0,0.3313,8,441,Male,White,Not Hispanic Or Latino,7.232797449,1:PROGRESSION,0.4601,15.8076,not_enriched
TCGA-FD-A43N,TCGA-FD-A43N-01,76,STAGE III,22.98057008,0:LIVING,,,No,No,5.533333333,0.05,0.2928,19,165,Male,White,Not Hispanic Or Latino,22.98057008,0:CENSORED,0.2694,43.8596,not_enriched
TCGA-FD-A43P,TCGA-FD-A43P-01,74,STAGE II,27.3531249,0:LIVING,27.3531249,0:DiseaseFree,No,No,12.46666667,0.02,0.3277,13,370,Male,Black or African American,Not Hispanic Or Latino,27.3531249,0:CENSORED,0.2815,1611.8,enriched
TCGA-FD-A43S,TCGA-FD-A43S-01,71,STAGE III,14.95874018,0:LIVING,14.95874018,0:DiseaseFree,No,No,,0,0.3095,0,,Female,White,Not Hispanic Or Latino,14.95874018,0:CENSORED,0,3888.61,enriched
TCGA-FD-A43U,TCGA-FD-A43U-01,70,STAGE IV,20.9093599,0:LIVING,,,No,No,2.066666667,0.05,0.3,27,63,Male,White,Not Hispanic Or Latino,16.33954696,1:PROGRESSION,0.0222,385.959,enriched
TCGA-FD-A43X,TCGA-FD-A43X-01,84,STAGE II,3.616398724,0:LIVING,3.616398724,0:DiseaseFree,No,No,9.633333333,0.02,0.3112,10,284,Male,White,Not Hispanic Or Latino,3.616398724,0:CENSORED,0.2614,1.9616,not_enriched
TCGA-FD-A43Y,TCGA-FD-A43Y-01,65,STAGE III,15.58339087,1:DECEASED,15.58339087,0:DiseaseFree,No,No,1.9,0,0.3318,8,57,Male,White,Not Hispanic Or Latino,15.58339087,0:CENSORED,0.2944,133.503,enriched
TCGA-FD-A5BR,TCGA-FD-A5BR-01,57,STAGE II,26.72847421,0:LIVING,26.72847421,0:DiseaseFree,No,No,2.9,0,0.2946,8,86,Male,White,Not Hispanic Or Latino,26.72847421,0:CENSORED,0.2438,1224.24,enriched
TCGA-FD-A5BS,TCGA-FD-A5BS-01,68,STAGE III,53.88434099,0:LIVING,53.88434099,0:DiseaseFree,No,No,0.766666667,0,0.3319,0,23,Male,White,Not Hispanic Or Latino,53.88434099,0:CENSORED,0.0034,2432.13,enriched
TCGA-FD-A5BT,TCGA-FD-A5BT-01,84,STAGE III,10.78344347,1:DECEASED,,,No,No,3.666666667,0.03,0.2999,27,109,Male,White,Not Hispanic Or Latino,10.78344347,0:CENSORED,0.051,921.404,enriched
TCGA-FD-A5BU,TCGA-FD-A5BU-01,76,STAGE II,19.331295,0:LIVING,19.331295,0:DiseaseFree,No,No,2.333333333,0.05,0.3213,5,70,Female,Black or African American,Not Hispanic Or Latino,19.331295,0:CENSORED,0.2276,534.896,enriched
TCGA-FD-A5BV,TCGA-FD-A5BV-01,47,STAGE III,5.358845383,1:DECEASED,,,No,No,3.7,0.16,0.3158,7,110,Female,White,Not Hispanic Or Latino,4.405431173,1:PROGRESSION,0.4886,0.0,not_enriched
TCGA-FD-A5BX,TCGA-FD-A5BX-01,82,STAGE IV,5.687608903,1:DECEASED,,,No,No,10.76666667,0,0.3172,3,322,Male,White,Not Hispanic Or Latino,3.254758852,1:PROGRESSION,0.105,198.684,enriched
TCGA-FD-A5BY,TCGA-FD-A5BY-01,63,STAGE III,8.251964362,0:LIVING,8.251964362,0:DiseaseFree,No,No,1.5,0.14,0.3094,28,44,Female,White,Not Hispanic Or Latino,8.251964362,0:CENSORED,0.3662,820.319,enriched
TCGA-FD-A5BZ,TCGA-FD-A5BZ-01,77,STAGE IV,27.45175395,1:DECEASED,,,No,No,3.633333333,0.01,0.3006,23,109,Female,White,Not Hispanic Or Latino,17.52309564,1:PROGRESSION,0.3508,128.806,enriched
TCGA-FD-A5C0,TCGA-FD-A5C0-01,61,STAGE IV,18.08199362,1:DECEASED,,,No,No,3.733333333,0.06,0.3211,22,110,Male,White,Not Hispanic Or Latino,0.887661505,1:PROGRESSION,0.6569,31.4643,not_enriched
TCGA-FD-A5C1,TCGA-FD-A5C1-01,61,STAGE III,58.91442286,0:LIVING,58.91442286,0:DiseaseFree,No,No,4.4,0,0.32,16,132,Female,White,Not Hispanic Or Latino,58.91442286,0:CENSORED,0.2061,1373.88,enriched
TCGA-FD-A62N,TCGA-FD-A62N-01,69,STAGE III,2.695860867,0:LIVING,2.695860867,0:DiseaseFree,,No,2.8,0,0.3062,13,83,Male,Asian,Not Hispanic Or Latino,2.695860867,0:CENSORED,0.0903,3448.88,enriched
TCGA-FD-A62O,TCGA-FD-A62O-01,74,STAGE IV,7.101292041,1:DECEASED,,,No,No,5.5,0.2,0.3186,23,165,Male,White,Not Hispanic Or Latino,7.101292041,0:CENSORED,0.4327,0.0,not_enriched
TCGA-FD-A62P,TCGA-FD-A62P-01,76,STAGE II,6.27938324,1:DECEASED,,,No,Yes,12.03333333,0,0.3055,25,358,Male,White,Not Hispanic Or Latino,6.27938324,1:PROGRESSION,0.1437,584.846,enriched
TCGA-FD-A62S,TCGA-FD-A62S-01,60,STAGE III,13.34779893,1:DECEASED,,,No,No,2.366666667,0.05,0.3156,21,71,Female,Black or African American,Not Hispanic Or Latino,10.06016372,1:PROGRESSION,0.164,352.624,enriched
TCGA-FD-A6TA,TCGA-FD-A6TA-01,58,STAGE IV,62.8595851,0:LIVING,,,No,No,8.4,0,0.3124,10,251,Male,White,Not Hispanic Or Latino,62.8595851,0:CENSORED,0.3027,537.915,enriched
TCGA-FD-A6TB,TCGA-FD-A6TB-01,82,STAGE III,18.80527337,0:LIVING,18.80527337,0:DiseaseFree,No,Yes,6.133333333,0.01,0.3075,9,183,Male,White,Not Hispanic Or Latino,18.80527337,0:CENSORED,0.0351,3337.26,enriched
TCGA-FD-A6TC,TCGA-FD-A6TC-01,79,STAGE III,6.147877832,0:LIVING,6.147877832,0:DiseaseFree,No,No,28.9,0.29,0.3311,14,862,Female,White,Not Hispanic Or Latino,6.147877832,0:CENSORED,0.4323,15.4355,not_enriched
TCGA-FD-A6TD,TCGA-FD-A6TD-01,77,STAGE III,12.69027189,1:DECEASED,12.69027189,0:DiseaseFree,No,No,4.033333333,0.03,0.3279,12,120,Male,White,Not Hispanic Or Latino,12.69027189,0:CENSORED,0.0962,285.281,enriched
TCGA-FD-A6TE,TCGA-FD-A6TE-01,54,STAGE IV,12.36150837,0:LIVING,,,No,No,8.466666667,0.34,0.3385,26,252,Male,White,Not Hispanic Or Latino,10.55330901,1:PROGRESSION,0.4312,268.139,enriched
TCGA-FD-A6TF,TCGA-FD-A6TF-01,80,STAGE IV,2.268468291,1:DECEASED,,,No,No,4.3,0,0.3282,19,130,Female,White,Not Hispanic Or Latino,2.268468291,0:CENSORED,0.1643,502.594,enriched
TCGA-FD-A6TG,TCGA-FD-A6TG-01,73,STAGE IV,3.05750074,1:DECEASED,,,No,No,12.06666667,0.02,0.3202,23,359,Male,White,Not Hispanic Or Latino,3.05750074,0:CENSORED,0.3364,259.604,enriched
TCGA-FD-A6TH,TCGA-FD-A6TH-01,63,STAGE IV,4.306802117,1:DECEASED,,,No,Yes,4.9,0.24,0.3428,17,147,Male,White,Not Hispanic Or Latino,4.142420357,1:PROGRESSION,0.4735,103.23,not_enriched
TCGA-FD-A6TI,TCGA-FD-A6TI-01,73,STAGE IV,9.6656475,1:DECEASED,,,No,No,3.866666667,0,0.3203,27,117,Male,White,Not Hispanic Or Latino,9.6656475,0:CENSORED,0.1297,451.141,enriched
TCGA-FD-A6TK,TCGA-FD-A6TK-01,60,STAGE III,10.84919617,0:LIVING,10.84919617,0:DiseaseFree,No,No,3.766666667,0,0.3159,16,113,Male,White,Not Hispanic Or Latino,10.84919617,0:CENSORED,0.0616,743.857,enriched
TCGA-FJ-A3Z7,TCGA-FJ-A3Z7-01,76,STAGE IV,31.06815268,0:LIVING,,,No,Yes,9.933333333,0.25,0.3483,14,296,Male,White,Not Hispanic Or Latino,31.06815268,0:CENSORED,0.3163,78.4314,not_enriched
TCGA-FJ-A3Z9,TCGA-FJ-A3Z9-01,72,,12.65739554,1:DECEASED,12.65739554,0:DiseaseFree,No,No,2.233333333,0.09,0.2779,1,65,Male,White,Not Hispanic Or Latino,12.65739554,0:CENSORED,0.0392,3.7313,not_enriched
TCGA-FJ-A3ZE,TCGA-FJ-A3ZE-01,65,STAGE IV,10.65193806,1:DECEASED,,,Yes,No,12.5,0.25,0.356,10,374,Male,White,Not Hispanic Or Latino,4.99720551,1:PROGRESSION,0.4201,5.9477,not_enriched
TCGA-FJ-A3ZF,TCGA-FJ-A3ZF-01,73,STAGE III,17.22720847,0:LIVING,17.22720847,0:DiseaseFree,No,Yes,7.566666667,0.33,0.334,14,227,Male,White,Not Hispanic Or Latino,17.22720847,0:CENSORED,0.3697,3.6254,not_enriched
TCGA-FJ-A871,TCGA-FJ-A871-01,49,STAGE III,8.942367755,1:DECEASED,,,No,No,1.5,0.09,0.3077,0,45,Male,White,Not Hispanic Or Latino,3.484893316,1:PROGRESSION,0.0094,1.2965,not_enriched
TCGA-FT-A3EE,TCGA-FT-A3EE-01,80,STAGE III,3.254758852,1:DECEASED,,,,No,3.9,0.06,0.3404,23,117,Female,White,Not Hispanic Or Latino,3.254758852,0:CENSORED,0.6941,22.0607,not_enriched
TCGA-FT-A61P,TCGA-FT-A61P-01,76,STAGE IV,11.07933064,0:LIVING,,,No,No,4.866666667,0,0.308,21,145,Male,White,Not Hispanic Or Latino,11.07933064,0:CENSORED,0.1083,377.219,enriched
TCGA-G2-A2EC,TCGA-G2-A2EC-01,58,STAGE II,22.88194102,1:DECEASED,,,No,No,5.533333333,0,0.3259,,165,Female,Black or African American,Not Hispanic Or Latino,22.32304304,1:PROGRESSION,,29.4991,not_enriched
TCGA-G2-A2EF,TCGA-G2-A2EF-01,50,STAGE II,61.93904724,0:LIVING,,,No,No,7.9,0.08,0.3043,14,236,Male,White,Not Hispanic Or Latino,61.93904724,0:CENSORED,0.5048,130.239,enriched
TCGA-G2-A2EJ,TCGA-G2-A2EJ-01,56,STAGE II,47.99947398,0:LIVING,29.91748036,1:Recurred/Progressed,No,No,18,0.07,0.29,8,535,Female,White,Not Hispanic Or Latino,29.91748036,1:PROGRESSION,0.2011,71.3296,not_enriched
TCGA-G2-A2EK,TCGA-G2-A2EK-01,57,STAGE II,15.94503074,0:LIVING,,,No,No,2.166666667,0,0.2933,6,65,Male,White,Not Hispanic Or Latino,15.94503074,1:PROGRESSION,0.1979,728.363,enriched
TCGA-G2-A2EL,TCGA-G2-A2EL-01,77,STAGE II,26.92573232,1:DECEASED,,,No,No,7,0.25,0.3067,6,206,Male,White,Not Hispanic Or Latino,3.452016964,1:PROGRESSION,0.3508,59.5966,not_enriched
TCGA-G2-A2EO,TCGA-G2-A2EO-01,69,STAGE III,59.30893908,1:DECEASED,59.30893908,0:DiseaseFree,No,No,27.33333333,0,0.3175,22,820,Male,White,Not Hispanic Or Latino,59.30893908,0:CENSORED,0.1396,1436.89,enriched
TCGA-G2-A2ES,TCGA-G2-A2ES-01,85,STAGE II,33.00785745,1:DECEASED,,,No,No,13.73333333,0.13,0.298,6,410,Male,White,Not Hispanic Or Latino,29.49008778,1:PROGRESSION,0.2093,272.086,enriched
TCGA-G2-A3IB,TCGA-G2-A3IB-01,66,STAGE II,7.232797449,1:DECEASED,,,No,No,2.866666667,0.3,0.3417,6,87,Male,Black or African American,Not Hispanic Or Latino,7.232797449,1:PROGRESSION,0.3121,4.9168,not_enriched
TCGA-G2-A3IE,TCGA-G2-A3IE-01,51,STAGE II,20.12032745,1:DECEASED,,,No,No,11.23333333,0.11,0.3344,4,337,Male,White,Not Hispanic Or Latino,20.12032745,1:PROGRESSION,0.2561,30.4099,not_enriched
TCGA-G2-A3VY,TCGA-G2-A3VY-01,66,STAGE II,17.62172469,0:LIVING,,,No,No,22.3,0.46,0.3366,18,670,Male,Asian,Not Hispanic Or Latino,17.62172469,0:CENSORED,0.6771,2.5543,not_enriched
TCGA-G2-AA3B,TCGA-G2-AA3B-01,75,STAGE II,66.0157149,0:LIVING,66.0157149,0:DiseaseFree,No,No,22.1,0.31,0.3217,8,658,Female,White,Not Hispanic Or Latino,66.0157149,0:CENSORED,0.6202,185.309,enriched
TCGA-G2-AA3C,TCGA-G2-AA3C-01,66,STAGE IV,6.93691028,1:DECEASED,,,No,No,7.366666667,0,0.3241,2,220,Male,White,Not Hispanic Or Latino,6.93691028,1:PROGRESSION,0.0338,1.2541,not_enriched
TCGA-G2-AA3D,TCGA-G2-AA3D-01,60,STAGE IV,70.32251701,0:LIVING,,,No,No,8.033333333,0,0.3279,6,241,Male,White,Not Hispanic Or Latino,70.32251701,0:CENSORED,0.2465,163.666,enriched
TCGA-G2-AA3F,TCGA-G2-AA3F-01,77,STAGE IV,29.35858237,0:LIVING,,,No,No,4.4,0.07,0.327,13,131,Male,White,Not Hispanic Or Latino,29.35858237,0:CENSORED,0.4007,0.3975,not_enriched
TCGA-GC-A3BM,TCGA-GC-A3BM-01,70,STAGE II,21.40250518,1:DECEASED,,,No,No,6.766666667,0.21,0.3198,29,115,Male,White,Not Hispanic Or Latino,21.40250518,1:PROGRESSION,0.5253,130.406,enriched
TCGA-GC-A3I6,TCGA-GC-A3I6-01,45,STAGE III,20.71210179,1:DECEASED,,,No,No,5.733333333,0.02,0.3448,18,173,Male,White,Not Hispanic Or Latino,17.95048821,1:PROGRESSION,0.2208,84.0062,not_enriched
TCGA-GC-A3OO,TCGA-GC-A3OO-01,79,STAGE II,15.81352533,0:LIVING,15.81352533,0:DiseaseFree,No,No,3.866666667,0,0.3191,13,118,Male,White,Not Hispanic Or Latino,15.81352533,0:CENSORED,0.1918,209.416,enriched
TCGA-GC-A3RB,TCGA-GC-A3RB-01,54,STAGE III,19.13403689,0:LIVING,19.13403689,0:DiseaseFree,No,No,5.133333333,0.07,0.323,8,152,Male,White,Not Hispanic Or Latino,19.13403689,0:CENSORED,0.4829,36.5239,not_enriched
TCGA-GC-A3RC,TCGA-GC-A3RC-01,59,STAGE II,15.91215439,0:LIVING,15.91215439,0:DiseaseFree,No,No,10.4,0,0.3332,18,310,Male,White,Not Hispanic Or Latino,15.91215439,0:CENSORED,0.4281,202.905,enriched
TCGA-GC-A3RD,TCGA-GC-A3RD-01,83,STAGE III,14.07107867,0:LIVING,14.07107867,0:DiseaseFree,No,No,2.5,0.33,0.3513,20,74,Female,White,Not Hispanic Or Latino,14.07107867,0:CENSORED,0.5686,3.8911,not_enriched
TCGA-GC-A3WC,TCGA-GC-A3WC-01,80,STAGE III,17.7532301,0:LIVING,17.7532301,0:DiseaseFree,No,No,9.166666667,0.02,0.3029,7,136,Female,White,Not Hispanic Or Latino,17.7532301,0:CENSORED,0.2748,1012.34,enriched
TCGA-GC-A3YS,TCGA-GC-A3YS-01,61,STAGE IV,24.92027485,0:LIVING,,,No,No,7.3,0.23,0.3571,22,218,Male,White,Not Hispanic Or Latino,24.92027485,0:CENSORED,0.2881,21.5356,not_enriched
TCGA-GC-A4ZW,TCGA-GC-A4ZW-01,71,STAGE III,0.493145281,0:LIVING,,,,No,20.7,0.05,0.2993,17,620,Male,White,Not Hispanic Or Latino,0.493145281,0:CENSORED,0.6295,32.5493,not_enriched
TCGA-GC-A6I1,TCGA-GC-A6I1-01,90,STAGE II,8.942367755,1:DECEASED,8.942367755,0:DiseaseFree,No,No,7.066666667,0,0.3267,13,212,Female,White,Not Hispanic Or Latino,8.942367755,0:CENSORED,0.0687,397.167,enriched
TCGA-GC-A6I3,TCGA-GC-A6I3-01,90,STAGE IV,13.90669691,0:LIVING,,,No,No,11.73333333,0,0.3265,18,205,Female,Black or African American,Not Hispanic Or Latino,13.90669691,0:CENSORED,0.4105,632.698,enriched
TCGA-GD-A2C5,TCGA-GD-A2C5-01,53,STAGE IV,26.69559786,0:LIVING,,,,No,13.33333333,0.16,0.2946,17,258,Female,White,Not Hispanic Or Latino,7.035539337,1:PROGRESSION,0.4405,11.5965,not_enriched
TCGA-GD-A3OP,TCGA-GD-A3OP-01,84,STAGE IV,2.104086531,0:LIVING,,,,No,22.13333333,0,0.3359,16,334,Female,White,Not Hispanic Or Latino,2.104086531,0:CENSORED,0.1257,94.0027,not_enriched
TCGA-GD-A3OQ,TCGA-GD-A3OQ-01,48,STAGE IV,3.123253444,0:LIVING,,,,No,7.133333333,0.08,0.3291,0,108,Male,White,Not Hispanic Or Latino,3.123253444,0:CENSORED,0.027,190.748,enriched
TCGA-GD-A3OS,TCGA-GD-A3OS-01,54,STAGE II,20.9751126,0:LIVING,,,No,No,2.833333333,0.09,0.3603,22,84,Female,White,Not Hispanic Or Latino,7.331426505,1:PROGRESSION,0.5693,358.915,enriched
TCGA-GD-A6C6,TCGA-GD-A6C6-01,64,STAGE III,2.202715587,0:LIVING,2.202715587,0:DiseaseFree,,No,7.733333333,1.24,0.3525,16,229,Male,White,Not Hispanic Or Latino,2.202715587,0:CENSORED,0.5588,4.7851,not_enriched
TCGA-GD-A76B,TCGA-GD-A76B-01,86,STAGE II,7.364302857,0:LIVING,7.364302857,0:DiseaseFree,,No,6.033333333,0,0.329,8,180,Female,White,Not Hispanic Or Latino,7.364302857,0:CENSORED,0.2224,676.0,enriched
TCGA-GU-A42P,TCGA-GU-A42P-01,72,STAGE IV,10.91494888,1:DECEASED,,,No,No,7.266666667,0.33,0.3554,24,216,Male,White,Not Hispanic Or Latino,10.91494888,0:CENSORED,0.4876,1.8999,not_enriched
TCGA-GU-A42Q,TCGA-GU-A42Q-01,67,STAGE III,11.3094651,1:DECEASED,11.3094651,0:DiseaseFree,No,No,5.566666667,0,0.3256,8,167,Male,White,Not Hispanic Or Latino,11.3094651,0:CENSORED,0.249,20.6101,not_enriched
TCGA-GU-A42R,TCGA-GU-A42R-01,68,STAGE IV,18.96965513,1:DECEASED,,,No,No,4.333333333,0.31,0.3418,6,131,Male,White,Not Hispanic Or Latino,2.991748036,1:PROGRESSION,0.1864,6.04,not_enriched
TCGA-GU-A762,TCGA-GU-A762-01,87,STAGE IV,7.627313673,1:DECEASED,,,No,No,3.566666667,0,0.3248,18,108,Male,White,Not Hispanic Or Latino,7.627313673,1:PROGRESSION,0.3749,1096.97,enriched
TCGA-GU-A763,TCGA-GU-A763-01,72,STAGE III,32.77772298,0:LIVING,,,No,No,1.933333333,0,0.3114,1,58,Male,White,Not Hispanic Or Latino,9.961534668,1:PROGRESSION,0.0374,566.842,enriched
TCGA-GU-A764,TCGA-GU-A764-01,66,STAGE II,20.05457474,0:LIVING,20.05457474,0:DiseaseFree,No,No,3.866666667,0,0.3302,18,116,Male,White,Not Hispanic Or Latino,20.05457474,0:CENSORED,0.0846,794.935,enriched
TCGA-GU-A766,TCGA-GU-A766-01,62,STAGE II,15.78064898,0:LIVING,,,No,No,5.6,0.02,0.3425,8,169,Male,White,Not Hispanic Or Latino,15.78064898,0:CENSORED,0.0942,1837.74,enriched
TCGA-GU-A767,TCGA-GU-A767-01,81,STAGE IV,4.734194694,1:DECEASED,,,No,No,12.2,0,0.3258,13,365,Male,White,Not Hispanic Or Latino,4.734194694,1:PROGRESSION,0.2299,8.3726,not_enriched
TCGA-GU-AATO,TCGA-GU-AATO-01,75,STAGE IV,10.65193806,1:DECEASED,,,No,No,9.766666667,0.05,0.3243,24,290,Male,White,Not Hispanic Or Latino,10.65193806,1:PROGRESSION,0.6561,132.972,enriched
TCGA-GU-AATP,TCGA-GU-AATP-01,74,STAGE IV,32.9749811,0:LIVING,,,No,No,9.966666667,0.1,0.3245,19,295,Male,White,Not Hispanic Or Latino,19.59430582,1:PROGRESSION,0.5599,117.862,enriched
TCGA-GU-AATQ,TCGA-GU-AATQ-01,68,STAGE III,7.002662985,1:DECEASED,,,No,No,4.933333333,0.1,0.339,17,149,Male,White,Not Hispanic Or Latino,7.002662985,1:PROGRESSION,0.5727,79.0656,not_enriched
TCGA-GV-A3JV,TCGA-GV-A3JV-01,66,STAGE IV,14.26833679,1:DECEASED,,,No,No,3.7,0.04,0.3362,17,109,Male,White,Not Hispanic Or Latino,4.405431173,1:PROGRESSION,0.3894,301.592,enriched
TCGA-GV-A3JW,TCGA-GV-A3JW-01,74,STAGE II,21.33675247,0:LIVING,,,Yes,No,2.4,0.22,0.3304,13,73,Male,White,Not Hispanic Or Latino,8.909491403,1:PROGRESSION,0.678,1.0274,not_enriched
TCGA-GV-A3JX,TCGA-GV-A3JX-01,59,STAGE III,19.10116054,0:LIVING,19.10116054,0:DiseaseFree,No,No,9.266666667,0.39,0.3614,14,273,Male,White,Not Hispanic Or Latino,19.10116054,0:CENSORED,0.3468,174.179,enriched
TCGA-GV-A3JZ,TCGA-GV-A3JZ-01,55,STAGE IV,19.82444028,0:LIVING,,,No,No,14.1,0.51,0.2047,16,417,Male,White,Not Hispanic Or Latino,19.82444028,0:CENSORED,0.5703,38.4766,not_enriched
TCGA-GV-A3QF,TCGA-GV-A3QF-01,79,STAGE IV,20.28470921,1:DECEASED,,,No,No,4.233333333,0,0.332,21,128,Male,White,Not Hispanic Or Latino,20.28470921,0:CENSORED,0.3999,0.4767,not_enriched
TCGA-GV-A3QG,TCGA-GV-A3QG-01,65,STAGE IV,,1:DECEASED,,,No,No,3.033333333,0,0.3365,2,89,Male,White,Not Hispanic Or Latino,2.761613571,1:PROGRESSION,0.1245,2603.14,enriched
TCGA-GV-A3QH,TCGA-GV-A3QH-01,67,STAGE II,8.482098826,1:DECEASED,,,No,No,5.233333333,0.04,0.3291,26,158,Male,White,Not Hispanic Or Latino,4.109544005,1:PROGRESSION,0.4863,4.3743,not_enriched
TCGA-GV-A3QI,TCGA-GV-A3QI-01,47,STAGE III,36.49275076,0:LIVING,25.24903837,1:Recurred/Progressed,No,No,14,0.27,0.2822,15,419,Male,White,Not Hispanic Or Latino,25.24903837,1:PROGRESSION,0.5846,3.4538,not_enriched
TCGA-GV-A3QK,TCGA-GV-A3QK-01,56,STAGE IV,27.3531249,0:LIVING,,,Yes,No,4.133333333,0.19,0.329,11,123,Female,White,Not Hispanic Or Latino,27.3531249,0:CENSORED,0.3424,300.188,enriched
TCGA-GV-A40E,TCGA-GV-A40E-01,75,STAGE II,8.580727882,1:DECEASED,,,No,No,4.733333333,0.07,0.3372,24,142,Male,White,Not Hispanic Or Latino,7.199921097,1:PROGRESSION,0.2763,194.924,enriched
TCGA-GV-A40G,TCGA-GV-A40G-01,77,STAGE II,19.06828418,0:LIVING,19.06828418,0:DiseaseFree,No,No,4.933333333,0.38,0.3349,19,145,Male,White,Not Hispanic Or Latino,19.06828418,0:CENSORED,0.5871,2.2883,not_enriched
TCGA-GV-A6ZA,TCGA-GV-A6ZA-01,54,STAGE II,22.71755926,0:LIVING,22.71755926,0:DiseaseFree,No,No,9.733333333,0.04,0.3131,16,293,Male,White,Not Hispanic Or Latino,22.71755926,0:CENSORED,0.2544,206.427,enriched
TCGA-H4-A2HO,TCGA-H4-A2HO-01,53,STAGE III,1.512312194,0:LIVING,1.512312194,0:DiseaseFree,No,No,11.33333333,0,0.3089,0,341,Male,White,Not Hispanic Or Latino,1.512312194,0:CENSORED,0.0332,5.0102,not_enriched
TCGA-H4-A2HQ,TCGA-H4-A2HQ-01,64,STAGE IV,19.3970477,0:LIVING,,,No,No,14.23333333,0.68,0.3244,26,424,Female,Black or African American,Not Hispanic Or Latino,10.45467995,1:PROGRESSION,0.562,18.6959,not_enriched
TCGA-HQ-A2OE,TCGA-HQ-A2OE-01,69,,38.5968373,0:LIVING,,,No,No,4.666666667,0.11,0.3239,27,139,Male,,,38.5968373,0:CENSORED,0.7354,31.647,not_enriched
TCGA-HQ-A2OF,TCGA-HQ-A2OF-01,52,STAGE III,64.01025742,0:LIVING,29.8188513,1:Recurred/Progressed,No,No,3.233333333,0.3,0.3243,20,96,Female,,,29.8188513,1:PROGRESSION,0.6234,3.6765,not_enriched
TCGA-HQ-A5ND,TCGA-HQ-A5ND-01,78,STAGE IV,9.008120459,1:DECEASED,,,No,No,2.633333333,0.11,0.3046,19,79,Male,,,2.761613571,1:PROGRESSION,0.5848,9.8876,not_enriched
TCGA-HQ-A5NE,TCGA-HQ-A5NE-01,57,STAGE III,12.16425026,1:DECEASED,6.93691028,1:Recurred/Progressed,No,No,11.26666667,0,0.3097,30,337,Male,,,6.93691028,1:PROGRESSION,0.3184,41.7743,not_enriched
TCGA-K4-A3WS,TCGA-K4-A3WS-01,66,STAGE III,25.0189039,0:LIVING,25.0189039,0:DiseaseFree,No,No,8.866666667,0,0.3383,15,264,Male,White,Not Hispanic Or Latino,25.0189039,0:CENSORED,0.1583,718.06,enriched
TCGA-K4-A3WU,TCGA-K4-A3WU-01,87,STAGE III,3.452016964,0:LIVING,,,,No,6,0.07,0.3345,1,180,Male,White,Not Hispanic Or Latino,3.452016964,0:CENSORED,0.0721,1593.09,enriched
TCGA-K4-A3WV,TCGA-K4-A3WV-01,77,STAGE II,21.23812342,0:LIVING,,,No,No,3.833333333,0.17,0.3383,15,59,Female,White,Hispanic Or Latino,21.23812342,0:CENSORED,0.6403,986.527999999999,enriched
TCGA-K4-A4AB,TCGA-K4-A4AB-01,76,STAGE III,2.761613571,0:LIVING,,,No,No,2.933333333,0.19,0.3107,12,87,Male,White,Not Hispanic Or Latino,2.761613571,0:CENSORED,0.2371,282.021,enriched
TCGA-K4-A4AC,TCGA-K4-A4AC-01,83,STAGE II,9.139625867,1:DECEASED,,,Yes,No,4.566666667,0,0.303,18,137,Male,White,Not Hispanic Or Latino,5.588979847,1:PROGRESSION,0.1659,106.953,enriched
TCGA-K4-A54R,TCGA-K4-A54R-01,59,STAGE II,27.68188842,0:LIVING,27.68188842,0:DiseaseFree,No,No,55.83333333,0,0.3101,5,842,Male,White,Not Hispanic Or Latino,27.68188842,0:CENSORED,0.2937,1088.55,enriched
TCGA-K4-A5RH,TCGA-K4-A5RH-01,69,STAGE III,9.073873163,0:LIVING,,,No,No,11.33333333,0.09,0.3108,13,171,Male,White,Not Hispanic Or Latino,6.443765,1:PROGRESSION,0.2422,1280.11,enriched
TCGA-K4-A5RI,TCGA-K4-A5RI-01,67,STAGE III,11.70398133,1:DECEASED,,,No,No,8.2,0.29,0.3098,16,121,Female,White,Not Hispanic Or Latino,7.758819081,1:PROGRESSION,0.6892,7.2568,not_enriched
TCGA-K4-A5RJ,TCGA-K4-A5RJ-01,75,STAGE II,17.72035375,0:LIVING,17.72035375,0:DiseaseFree,,No,10.7,0.01,0.3069,16,320,Male,White,Not Hispanic Or Latino,17.72035375,0:CENSORED,0.2544,537.111,enriched
TCGA-K4-A6FZ,TCGA-K4-A6FZ-01,75,STAGE III,1.808199362,0:LIVING,1.808199362,0:DiseaseFree,,No,23.9,0,0.3253,23,359,Female,White,Not Hispanic Or Latino,1.808199362,0:CENSORED,0.3444,146.303,enriched
TCGA-K4-A6MB,TCGA-K4-A6MB-01,64,STAGE IV,15.41900911,0:LIVING,,,No,No,10.06666667,0.3,0.336,12,304,Male,White,Not Hispanic Or Latino,15.41900911,0:CENSORED,0.4375,7.1994,not_enriched
TCGA-K4-A83P,TCGA-K4-A83P-01,77,STAGE IV,16.27379426,0:LIVING,,,No,No,15.53333333,0,0.3253,29,252,Male,White,Not Hispanic Or Latino,2.301344643,1:PROGRESSION,0.0134,3571.82,enriched
TCGA-K4-AAQO,TCGA-K4-AAQO-01,56,STAGE III,11.80261038,0:LIVING,,,,Yes,7.733333333,0,0.3306,14,232,Male,White,Not Hispanic Or Latino,11.80261038,0:CENSORED,0.2742,454.707,enriched
TCGA-KQ-A41N,TCGA-KQ-A41N-01,73,STAGE III,52.73366867,0:LIVING,52.73366867,0:DiseaseFree,No,No,84.6,0,0.2975,4,2525,Male,Black or African American,Not Hispanic Or Latino,52.73366867,0:CENSORED,0.2399,24.4845,not_enriched
TCGA-KQ-A41O,TCGA-KQ-A41O-01,84,STAGE IV,50.56382944,0:LIVING,,,No,No,7.066666667,0.17,0.3385,20,213,Male,,,50.56382944,0:CENSORED,0.4574,1.2589,not_enriched
TCGA-KQ-A41P,TCGA-KQ-A41P-01,76,STAGE IV,35.96672913,0:LIVING,,,No,No,9.3,0.37,0.3389,20,278,Male,White,Not Hispanic Or Latino,5.851990663,1:PROGRESSION,0.5547,58.1493,not_enriched
TCGA-KQ-A41Q,TCGA-KQ-A41Q-01,89,STAGE III,46.98030707,0:LIVING,,,No,No,7.733333333,0.15,0.32,16,231,Male,White,Not Hispanic Or Latino,43.19952658,1:PROGRESSION,0.5262,26.5245,not_enriched
TCGA-KQ-A41R,TCGA-KQ-A41R-01,80,STAGE II,44.38307525,0:LIVING,44.38307525,0:DiseaseFree,No,No,22.76666667,0.06,0.3252,16,681,Female,White,Not Hispanic Or Latino,44.38307525,0:CENSORED,0.4745,4.4131,not_enriched
TCGA-KQ-A41S,TCGA-KQ-A41S-01,87,STAGE III,1.150672321,0:LIVING,1.150672321,0:DiseaseFree,No,No,7.933333333,0.03,0.3092,34,238,Female,White,,1.150672321,0:CENSORED,0.2928,78.8288,not_enriched
TCGA-LC-A66R,TCGA-LC-A66R-01,78,STAGE IV,15.32038005,0:LIVING,,,No,No,4.233333333,0.04,0.3111,18,123,Male,White,Not Hispanic Or Latino,15.32038005,0:CENSORED,0.2371,652.395,enriched
TCGA-LT-A5Z6,TCGA-LT-A5Z6-01,56,STAGE II,15.58339087,0:LIVING,15.58339087,0:DiseaseFree,No,No,15.36666667,0.23,0.312,9,457,Male,White,Not Hispanic Or Latino,15.58339087,0:CENSORED,0.3784,263.896,enriched
TCGA-LT-A8JT,TCGA-LT-A8JT-01,69,STAGE II,21.07374166,0:LIVING,21.07374166,0:DiseaseFree,No,No,2.366666667,0,0.3335,5,72,Female,White,Not Hispanic Or Latino,21.07374166,0:CENSORED,0.1095,189.407,enriched
TCGA-MV-A51V,TCGA-MV-A51V-01,75,STAGE III,13.47930434,0:LIVING,13.47930434,0:DiseaseFree,No,No,47.6,0,0.2968,24,1421,Male,White,Not Hispanic Or Latino,13.47930434,0:CENSORED,0.5726,32.5953,not_enriched
TCGA-PQ-A6FI,TCGA-PQ-A6FI-01,70,STAGE II,12.23000296,0:LIVING,12.23000296,0:DiseaseFree,No,No,4.766666667,0.6,0.345,17,142,Male,White,Not Hispanic Or Latino,12.23000296,0:CENSORED,0.5292,153.399,enriched
TCGA-PQ-A6FN,TCGA-PQ-A6FN-01,78,STAGE III,16.66831048,0:LIVING,,,No,No,2.533333333,0,0.3259,20,76,Female,White,Not Hispanic Or Latino,16.66831048,0:CENSORED,0.2987,421.377,enriched
TCGA-R3-A69X,TCGA-R3-A69X-01,70,STAGE III,14.23546043,0:LIVING,14.23546043,0:DiseaseFree,No,No,6.666666667,0,0.3088,32,199,Male,White,Not Hispanic Or Latino,14.23546043,0:CENSORED,0.0211,829.923,enriched
TCGA-S5-A6DX,TCGA-S5-A6DX-01,83,STAGE IV,1.841075714,1:DECEASED,,,No,No,20.06666667,0.06,0.3246,22,594,Male,White,Not Hispanic Or Latino,1.841075714,1:PROGRESSION,0.2187,1160.31,enriched
TCGA-S5-AA26,TCGA-S5-AA26-01,46,STAGE III,16.53680508,0:LIVING,16.53680508,0:DiseaseFree,No,No,7.133333333,0.35,0.3358,6,212,Male,Black or African American,Not Hispanic Or Latino,16.53680508,0:CENSORED,0.208,7.9191,not_enriched
TCGA-SY-A9G0,TCGA-SY-A9G0-01,82,STAGE IV,33.13936286,1:DECEASED,,,No,No,1.533333333,0,0.3251,31,46,Male,White,Not Hispanic Or Latino,33.13936286,0:CENSORED,0.0739,2651.92,enriched
TCGA-SY-A9G5,TCGA-SY-A9G5-01,66,STAGE III,38.99135352,0:LIVING,38.99135352,0:DiseaseFree,No,No,31,0,0.3296,19,924,Male,White,Not Hispanic Or Latino,38.99135352,0:CENSORED,0.2071,900.256,enriched
TCGA-UY-A78K,TCGA-UY-A78K-01,60,STAGE IV,17.62172469,1:DECEASED,,,,No,25.76666667,0.08,0.3262,27,771,Male,White,Not Hispanic Or Latino,17.62172469,0:CENSORED,0.321,991.776,enriched
TCGA-UY-A78L,TCGA-UY-A78L-01,62,STAGE IV,37.05164875,0:LIVING,,,No,No,6.266666667,0.03,0.3174,9,185,Male,White,Not Hispanic Or Latino,11.67110497,1:PROGRESSION,0.1953,34.6845,not_enriched
TCGA-UY-A78M,TCGA-UY-A78M-01,81,STAGE IV,22.68468291,1:DECEASED,,,,No,4.9,0.03,0.3309,6,146,Female,Asian,Not Hispanic Or Latino,22.68468291,1:PROGRESSION,0.3458,8.5755,not_enriched
TCGA-UY-A78N,TCGA-UY-A78N-01,80,STAGE IV,86.82644574,1:DECEASED,,,No,No,8.9,0.15,0.3186,21,266,Male,White,Not Hispanic Or Latino,81.27034224,1:PROGRESSION,0.5468,7.3844,not_enriched
TCGA-UY-A78O,TCGA-UY-A78O-01,75,STAGE II,76.01012592,0:LIVING,76.01012592,0:DiseaseFree,No,No,5.866666667,0.05,0.3287,15,175,Female,White,Not Hispanic Or Latino,76.01012592,0:CENSORED,0.1918,212.278,enriched
TCGA-UY-A78P,TCGA-UY-A78P-01,78,STAGE II,78.24571786,0:LIVING,78.24571786,0:DiseaseFree,No,No,8.533333333,0,0.3317,6,255,Female,White,Not Hispanic Or Latino,78.24571786,0:CENSORED,0.0415,365.392,enriched
TCGA-UY-A8OB,TCGA-UY-A8OB-01,63,STAGE IV,69.33622645,0:LIVING,,,No,No,10.46666667,0.27,0.3436,21,311,Male,White,Hispanic Or Latino,69.33622645,0:CENSORED,0.5744,269.106,enriched
TCGA-UY-A8OC,TCGA-UY-A8OC-01,90,STAGE IV,3.024624388,1:DECEASED,,,No,No,2.9,0,0.3411,15,88,Male,White,Not Hispanic Or Latino,1.052043265,1:PROGRESSION,0.3369,664.582,enriched
TCGA-UY-A8OD,TCGA-UY-A8OD-01,68,STAGE II,112.8316402,0:LIVING,112.8316402,0:DiseaseFree,No,No,2.933333333,0.11,0.3321,19,89,Female,Black or African American,Not Hispanic Or Latino,112.8316402,0:CENSORED,0.4035,448.489,enriched
TCGA-UY-A9PA,TCGA-UY-A9PA-01,48,STAGE III,35.24344939,0:LIVING,35.24344939,0:DiseaseFree,No,No,5.333333333,0.01,0.3199,9,159,Male,White,Not Hispanic Or Latino,35.24344939,0:CENSORED,0.0303,172.414,enriched
TCGA-UY-A9PB,TCGA-UY-A9PB-01,49,STAGE III,29.55584048,0:LIVING,29.55584048,0:DiseaseFree,No,No,16.73333333,0,0.3303,15,498,Male,White,Not Hispanic Or Latino,29.55584048,0:CENSORED,0.2622,1397.44,enriched
TCGA-UY-A9PD,TCGA-UY-A9PD-01,80,STAGE III,17.81898281,0:LIVING,17.81898281,0:DiseaseFree,No,No,8.766666667,0.09,0.3335,17,264,Male,White,Not Hispanic Or Latino,17.81898281,0:CENSORED,0.2894,123.215,enriched
TCGA-UY-A9PE,TCGA-UY-A9PE-01,86,STAGE IV,6.213630536,0:LIVING,,,No,No,6.733333333,0.05,0.3299,16,201,Male,White,Not Hispanic Or Latino,15.55051452,1:PROGRESSION,0.3599,105.691,not_enriched
TCGA-UY-A9PF,TCGA-UY-A9PF-01,77,STAGE IV,3.846533189,0:LIVING,,,No,No,13.93333333,0,0.3126,17,413,Male,White,Not Hispanic Or Latino,3.846533189,0:CENSORED,0.2164,214.546,enriched
TCGA-UY-A9PH,TCGA-UY-A9PH-01,73,STAGE II,51.31998553,0:LIVING,51.31998553,0:DiseaseFree,No,Yes,10.9,0.05,0.3177,23,327,Male,White,Not Hispanic Or Latino,51.31998553,0:CENSORED,0.194,918.737,enriched
TCGA-XF-A8HB,TCGA-XF-A8HB-01,50,STAGE II,45.0406023,0:LIVING,45.0406023,0:DiseaseFree,No,No,2.333333333,0,0.325,6,69,Female,,Hispanic Or Latino,45.0406023,0:CENSORED,0.2259,0.6869,not_enriched
TCGA-XF-A8HC,TCGA-XF-A8HC-01,79,STAGE IV,6.575270408,1:DECEASED,,,No,No,3.9,0.16,0.3205,15,118,Male,Asian,Not Hispanic Or Latino,6.575270408,0:CENSORED,0.5789,1.1846,not_enriched
TCGA-XF-A8HD,TCGA-XF-A8HD-01,77,STAGE III,97.44550745,0:LIVING,97.44550745,0:DiseaseFree,No,No,14.33333333,0.01,0.3243,18,427,Male,White,Not Hispanic Or Latino,97.44550745,0:CENSORED,0.1824,490.518,enriched
TCGA-XF-A8HE,TCGA-XF-A8HE-01,47,STAGE III,125.4890357,0:LIVING,125.4890357,0:DiseaseFree,No,No,12.73333333,0,0.3143,5,379,Male,White,Not Hispanic Or Latino,125.4890357,0:CENSORED,0.0844,679.792,enriched
TCGA-XF-A8HF,TCGA-XF-A8HF-01,80,STAGE III,97.11674393,1:DECEASED,97.11674393,0:DiseaseFree,No,No,4.866666667,0,0.3266,25,146,Male,White,Not Hispanic Or Latino,97.11674393,0:CENSORED,0.4152,56.7215,not_enriched
TCGA-XF-A8HG,TCGA-XF-A8HG-01,69,STAGE III,15.3532564,1:DECEASED,13.08478811,1:Recurred/Progressed,No,No,9.1,1.05,0.4143,28,272,Male,White,Not Hispanic Or Latino,13.08478811,1:PROGRESSION,0.7247,0.0,not_enriched
TCGA-XF-A8HH,TCGA-XF-A8HH-01,61,STAGE IV,1.873952066,1:DECEASED,,,No,No,2.8,0.03,0.3185,16,83,Female,White,Not Hispanic Or Latino,1.873952066,1:PROGRESSION,0.231,44.6224,not_enriched
TCGA-XF-A8HI,TCGA-XF-A8HI-01,57,STAGE IV,17.88473551,1:DECEASED,,,No,No,2.2,0,0.3107,3,66,Female,White,Not Hispanic Or Latino,15.38613276,1:PROGRESSION,0.1163,65.2386,not_enriched
TCGA-XF-A9SG,TCGA-XF-A9SG-01,81,STAGE II,48.62412467,0:LIVING,48.62412467,0:DiseaseFree,No,No,5.966666667,0,0.3373,22,176,Male,,Hispanic Or Latino,48.62412467,0:CENSORED,0.6097,,
TCGA-XF-A9SH,TCGA-XF-A9SH-01,65,STAGE II,64.79928987,1:DECEASED,,,No,No,1.266666667,0,0.3284,4,37,Female,Asian,Not Hispanic Or Latino,17.98336457,1:PROGRESSION,0.1369,11.0396,not_enriched
TCGA-XF-A9SI,TCGA-XF-A9SI-01,73,STAGE II,79.65940099,0:LIVING,79.65940099,0:DiseaseFree,No,No,10.8,0,0.3327,20,320,Female,Asian,Not Hispanic Or Latino,79.65940099,0:CENSORED,0.0181,63590.0,enriched
TCGA-XF-A9SJ,TCGA-XF-A9SJ-01,83,STAGE IV,3.2218825,1:DECEASED,,,No,No,8.7,0,0.3337,13,261,Male,White,Not Hispanic Or Latino,3.2218825,1:PROGRESSION,0.4537,316.116,enriched
TCGA-XF-A9SK,TCGA-XF-A9SK-01,65,STAGE IV,15.97790709,1:DECEASED,,,No,No,4.566666667,0,0.3411,21,137,Male,White,Not Hispanic Or Latino,12.55876648,1:PROGRESSION,0.5351,359.913,enriched
TCGA-XF-A9SL,TCGA-XF-A9SL-01,69,STAGE IV,66.41023112,1:DECEASED,,,No,No,2.966666667,0,0.3304,,88,Male,White,Not Hispanic Or Latino,66.41023112,0:CENSORED,0.0003,2474.75,enriched
TCGA-XF-A9SM,TCGA-XF-A9SM-01,76,STAGE III,34.45441694,0:LIVING,34.45441694,0:DiseaseFree,No,No,7.3,0,0.3449,15,215,Male,White,Not Hispanic Or Latino,34.45441694,0:CENSORED,0.0659,1826.51,enriched
TCGA-XF-A9SP,TCGA-XF-A9SP-01,59,STAGE III,14.92586383,1:DECEASED,,,No,No,9.5,0.05,0.3304,25,287,Male,White,Not Hispanic Or Latino,10.19166913,1:PROGRESSION,0.2888,169.927,enriched
TCGA-XF-A9ST,TCGA-XF-A9ST-01,68,STAGE III,4.208173061,1:DECEASED,,,No,No,17.46666667,0.59,0.3563,10,519,Male,White,Not Hispanic Or Latino,4.208173061,0:CENSORED,0.4703,6.4421,not_enriched
TCGA-XF-A9SU,TCGA-XF-A9SU-01,74,STAGE IV,5.983496071,1:DECEASED,,,No,No,1.866666667,0,0.3239,16,55,Female,White,Not Hispanic Or Latino,3.38626426,1:PROGRESSION,0.1033,163.612,enriched
TCGA-XF-A9SV,TCGA-XF-A9SV-01,82,STAGE IV,12.75602459,1:DECEASED,,,No,No,2.066666667,0.13,0.3499,16,63,Male,White,Not Hispanic Or Latino,7.791695434,1:PROGRESSION,0.4846,14.245,not_enriched
TCGA-XF-A9SW,TCGA-XF-A9SW-01,85,STAGE IV,11.90123944,1:DECEASED,,,No,No,1.533333333,0,0.3442,11,46,Male,White,Not Hispanic Or Latino,11.90123944,1:PROGRESSION,0.063,564.901,enriched
TCGA-XF-A9SX,TCGA-XF-A9SX-01,63,STAGE IV,23.63809712,1:DECEASED,,,No,No,3.333333333,0.01,0.3302,5,100,Female,White,Not Hispanic Or Latino,15.61626722,1:PROGRESSION,0.1517,477.977,enriched
TCGA-XF-A9SY,TCGA-XF-A9SY-01,60,STAGE IV,21.04086531,0:LIVING,,,No,No,13.46666667,0,0.3446,21,400,Female,White,Not Hispanic Or Latino,5.523227143,1:PROGRESSION,0.0677,1201.31,enriched
TCGA-XF-A9SZ,TCGA-XF-A9SZ-01,79,STAGE IV,28.2407864,1:DECEASED,,,No,No,6.766666667,0.03,0.3208,5,201,Male,White,Not Hispanic Or Latino,28.07640464,1:PROGRESSION,0.2545,31.8363,not_enriched
TCGA-XF-A9T0,TCGA-XF-A9T0-01,68,STAGE III,26.26820528,0:LIVING,26.26820528,0:DiseaseFree,No,No,22.76666667,0.12,0.3307,12,682,Male,White,Not Hispanic Or Latino,26.26820528,0:CENSORED,0.3376,427.205,enriched
TCGA-XF-A9T2,TCGA-XF-A9T2-01,54,STAGE III,18.90390242,1:DECEASED,,,No,No,2.633333333,0.08,0.3136,0,78,Male,White,Not Hispanic Or Latino,18.90390242,0:CENSORED,0,21.6777,not_enriched
TCGA-XF-A9T3,TCGA-XF-A9T3-01,69,STAGE IV,2.235591939,0:LIVING,,,,No,11.96666667,0,0.3388,14,362,Female,White,Not Hispanic Or Latino,2.235591939,0:CENSORED,0.368,301.166,enriched
TCGA-XF-A9T4,TCGA-XF-A9T4-01,48,STAGE IV,16.27379426,1:DECEASED,,,No,No,1.133333333,0,0.3207,2,34,Male,White,Not Hispanic Or Latino,5.983496071,1:PROGRESSION,0.0339,280.989,enriched
TCGA-XF-A9T5,TCGA-XF-A9T5-01,78,STAGE IV,66.64036559,0:LIVING,,,No,No,21.06666667,0.02,0.3398,24,630,Female,White,Not Hispanic Or Latino,21.82989776,1:PROGRESSION,0.6299,1245.1,enriched
TCGA-XF-A9T6,TCGA-XF-A9T6-01,88,STAGE III,2.104086531,0:LIVING,,,,No,9.666666667,0.04,0.3434,2,292,Female,White,Not Hispanic Or Latino,2.104086531,0:CENSORED,0.2264,59.0527,not_enriched
TCGA-XF-A9T8,TCGA-XF-A9T8-01,64,STAGE III,13.74231515,1:DECEASED,,,,No,21.56666667,0,0.3155,3,644,Male,White,Not Hispanic Or Latino,13.74231515,0:CENSORED,0.1253,394.002,enriched
TCGA-XF-AAME,TCGA-XF-AAME-01,64,STAGE II,92.97432357,1:DECEASED,,,No,No,0.733333333,0.05,0.3473,6,22,Female,White,Not Hispanic Or Latino,54.27885722,1:PROGRESSION,0.0003,2131.43,enriched
TCGA-XF-AAMF,TCGA-XF-AAMF-01,68,STAGE IV,10.81631982,1:DECEASED,,,No,No,2.366666667,0.12,0.3395,10,71,Male,White,Not Hispanic Or Latino,5.16158727,1:PROGRESSION,0.3957,,
TCGA-XF-AAMG,TCGA-XF-AAMG-01,49,STAGE III,110.5960483,0:LIVING,110.5960483,0:DiseaseFree,No,No,30.03333333,0.26,0.3446,14,890,Male,White,Hispanic Or Latino,110.5960483,0:CENSORED,0.6858,86.174,not_enriched
TCGA-XF-AAMH,TCGA-XF-AAMH-01,80,STAGE IV,11.3094651,1:DECEASED,,,No,No,1.9,0.09,0.3462,6,56,Male,White,Not Hispanic Or Latino,10.29029819,1:PROGRESSION,0.1474,2.0921,not_enriched
TCGA-XF-AAMJ,TCGA-XF-AAMJ-01,70,STAGE III,54.90350791,1:DECEASED,54.90350791,0:DiseaseFree,Yes,No,1.333333333,0,0.3403,17,40,Male,Asian,Not Hispanic Or Latino,54.90350791,0:CENSORED,0.2207,162.925,enriched
TCGA-XF-AAML,TCGA-XF-AAML-01,75,STAGE II,7.627313673,1:DECEASED,7.627313673,0:DiseaseFree,No,No,15,0,0.332,21,447,Male,White,Not Hispanic Or Latino,7.627313673,0:CENSORED,0.4022,271.985,enriched
TCGA-XF-AAMQ,TCGA-XF-AAMQ-01,59,STAGE II,71.57181839,0:LIVING,71.57181839,0:DiseaseFree,No,No,5.633333333,0.2,0.3299,20,171,Female,White,Not Hispanic Or Latino,71.57181839,0:CENSORED,0.4944,628.249,enriched
TCGA-XF-AAMR,TCGA-XF-AAMR-01,48,STAGE III,91.72502219,0:LIVING,91.72502219,0:DiseaseFree,No,No,3.066666667,0,0.3313,15,92,Male,White,Not Hispanic Or Latino,91.72502219,0:CENSORED,0.2986,12.8581,not_enriched
TCGA-XF-AAMT,TCGA-XF-AAMT-01,75,STAGE IV,2.958871684,1:DECEASED,,,No,No,3.333333333,0.02,0.3377,11,100,Female,White,Not Hispanic Or Latino,2.958871684,1:PROGRESSION,0.3812,79.0248,not_enriched
TCGA-XF-AAMW,TCGA-XF-AAMW-01,79,STAGE IV,8.317717066,1:DECEASED,,,No,No,0.8,0,0.3357,16,24,Female,White,Not Hispanic Or Latino,8.317717066,1:PROGRESSION,0.14,5113.94,enriched
TCGA-XF-AAMX,TCGA-XF-AAMX-01,87,STAGE III,6.77252852,1:DECEASED,6.77252852,0:DiseaseFree,No,No,10,0.97,0.3598,10,301,Female,Black or African American,Not Hispanic Or Latino,6.77252852,0:CENSORED,0.6953,30.1587,not_enriched
TCGA-XF-AAMY,TCGA-XF-AAMY-01,78,STAGE III,98.99069599,0:LIVING,20.94223625,1:Recurred/Progressed,No,No,3.6,0,0.3472,25,107,Male,White,Not Hispanic Or Latino,20.94223625,1:PROGRESSION,0.2708,17.4421,not_enriched
TCGA-XF-AAMZ,TCGA-XF-AAMZ-01,81,STAGE IV,44.31732255,1:DECEASED,,,No,No,8.866666667,0.04,0.3312,24,268,Female,White,Not Hispanic Or Latino,44.18581714,1:PROGRESSION,0.3828,597.964,enriched
TCGA-XF-AAN0,TCGA-XF-AAN0-01,68,STAGE IV,56.48157281,1:DECEASED,,,No,No,13.06666667,0.01,0.3361,18,385,Male,White,Not Hispanic Or Latino,19.82444028,1:PROGRESSION,0.289,239.044,enriched
TCGA-XF-AAN1,TCGA-XF-AAN1-01,75,STAGE III,30.93664727,1:DECEASED,,,No,No,2.366666667,0.06,0.3411,5,71,Female,,Not Hispanic Or Latino,21.36962883,1:PROGRESSION,0.1278,4.1551,not_enriched
TCGA-XF-AAN2,TCGA-XF-AAN2-01,73,STAGE II,61.44590196,1:DECEASED,61.44590196,0:DiseaseFree,No,No,13.8,0.17,0.3328,12,410,Male,White,Not Hispanic Or Latino,61.44590196,0:CENSORED,0.2549,493.493,enriched
TCGA-XF-AAN3,TCGA-XF-AAN3-01,76,STAGE IV,86.30042411,0:LIVING,,,No,No,4.333333333,0,0.323,18,128,Male,White,Not Hispanic Or Latino,86.30042411,0:CENSORED,0.288,79.6987,not_enriched
TCGA-XF-AAN4,TCGA-XF-AAN4-01,77,STAGE III,27.05723773,1:DECEASED,27.05723773,0:DiseaseFree,No,No,1.4,0.01,0.3224,1,42,Female,White,Not Hispanic Or Latino,27.05723773,0:CENSORED,0.0112,362.09,enriched
TCGA-XF-AAN5,TCGA-XF-AAN5-01,61,STAGE III,75.38547523,0:LIVING,75.38547523,0:DiseaseFree,No,No,9.8,0,0.3505,6,293,Female,White,Not Hispanic Or Latino,75.38547523,0:CENSORED,0.1871,699.149,enriched
TCGA-XF-AAN7,TCGA-XF-AAN7-01,60,STAGE IV,18.5751389,1:DECEASED,,,No,No,4.366666667,0.19,0.3503,14,133,Male,White,Not Hispanic Or Latino,10.55330901,1:PROGRESSION,0.4763,31.2764,not_enriched
TCGA-XF-AAN8,TCGA-XF-AAN8-01,74,STAGE III,3.879409541,1:DECEASED,,,No,No,0.033333333,0,0.3303,0,1,Female,White,Not Hispanic Or Latino,3.879409541,0:CENSORED,0.001,271.605,enriched
TCGA-YC-A89H,TCGA-YC-A89H-01,78,STAGE II,18.83814972,0:LIVING,18.83814972,0:DiseaseFree,No,No,45.73333333,0,0.3228,4,1368,Female,White,Not Hispanic Or Latino,18.83814972,0:CENSORED,0.078,35.4449,not_enriched
TCGA-YC-A8S6,TCGA-YC-A8S6-01,71,STAGE II,9.632771148,0:LIVING,9.632771148,0:DiseaseFree,No,No,3.266666667,0,0.3231,2,96,Male,White,Not Hispanic Or Latino,9.632771148,0:CENSORED,0,49.4405,not_enriched
TCGA-YC-A9TC,TCGA-YC-A9TC-01,71,STAGE IV,0.657527041,1:DECEASED,,,Yes,No,3.733333333,0,0.3269,1,111,Male,White,Not Hispanic Or Latino,0.657527041,1:PROGRESSION,0.0369,8.3082,not_enriched
TCGA-YF-AA3L,TCGA-YF-AA3L-01,47,STAGE II,11.96699214,0:LIVING,11.96699214,0:DiseaseFree,No,No,9.4,0.26,0.3276,19,278,Female,,Hispanic Or Latino,11.96699214,0:CENSORED,0.4102,1.0373,not_enriched
TCGA-YF-AA3M,TCGA-YF-AA3M-01,57,STAGE II,13.6436861,0:LIVING,12.52589013,1:Recurred/Progressed,No,Yes,4.633333333,0.31,0.3537,23,138,Male,,Hispanic Or Latino,12.52589013,1:PROGRESSION,0.4346,2.886,not_enriched
TCGA-ZF-A9R0,TCGA-ZF-A9R0-01,82,STAGE III,22.35591939,1:DECEASED,,,No,No,5.9,0.09,0.324,23,176,Male,White,Not Hispanic Or Latino,18.37788079,1:PROGRESSION,0.3634,216.315,enriched
TCGA-ZF-A9R1,TCGA-ZF-A9R1-01,81,STAGE IV,25.41342013,0:LIVING,,,No,No,2.9,0,0.3169,11,85,Male,White,Not Hispanic Or Latino,24.92027485,1:PROGRESSION,0.3387,602.364,enriched
TCGA-ZF-A9R2,TCGA-ZF-A9R2-01,75,STAGE II,21.10661801,0:LIVING,21.10661801,0:DiseaseFree,No,No,4.5,0.23,0.3339,21,133,Male,White,Not Hispanic Or Latino,21.10661801,0:CENSORED,0.5274,4.6446,not_enriched
TCGA-ZF-A9R3,TCGA-ZF-A9R3-01,53,STAGE II,31.19965809,1:DECEASED,30.14761482,1:Recurred/Progressed,No,No,2.666666667,0,0.3303,12,80,Female,White,Not Hispanic Or Latino,30.14761482,1:PROGRESSION,0.4519,9.7534,not_enriched
TCGA-ZF-A9R4,TCGA-ZF-A9R4-01,83,STAGE II,30.27912023,0:LIVING,30.27912023,0:DiseaseFree,No,No,7.7,0.04,0.3277,21,230,Male,White,Not Hispanic Or Latino,30.27912023,0:CENSORED,0.4974,105.838,not_enriched
TCGA-ZF-A9R5,TCGA-ZF-A9R5-01,59,STAGE III,35.83522372,0:LIVING,35.83522372,0:DiseaseFree,No,No,3.2,0,0.3446,0,98,Male,White,Not Hispanic Or Latino,35.83522372,0:CENSORED,0.0002,12.9032,not_enriched
TCGA-ZF-A9R7,TCGA-ZF-A9R7-01,76,STAGE II,21.86277411,0:LIVING,21.86277411,0:DiseaseFree,No,No,21.16666667,0.01,0.3149,13,636,Female,White,Not Hispanic Or Latino,21.86277411,0:CENSORED,0.316,737.124,enriched
TCGA-ZF-A9R9,TCGA-ZF-A9R9-01,58,STAGE IV,28.40516816,1:DECEASED,,,No,No,6.1,0.04,0.3215,17,178,Male,White,Not Hispanic Or Latino,20.67922543,1:PROGRESSION,0.5018,105.171,not_enriched
TCGA-ZF-A9RC,TCGA-ZF-A9RC-01,77,STAGE III,94.28937765,0:LIVING,94.28937765,0:DiseaseFree,No,No,28.26666667,0.01,0.3184,25,846,Male,White,Not Hispanic Or Latino,94.28937765,0:CENSORED,0.2899,19.3353,not_enriched
TCGA-ZF-A9RD,TCGA-ZF-A9RD-01,75,STAGE IV,13.41355163,1:DECEASED,,,No,No,5.266666667,0.01,0.3238,18,157,Female,White,Not Hispanic Or Latino,13.41355163,0:CENSORED,0.2964,930.294999999999,enriched
TCGA-ZF-A9RE,TCGA-ZF-A9RE-01,78,STAGE II,3.484893316,1:DECEASED,,,Yes,No,2.1,0.04,0.3249,10,62,Female,White,Not Hispanic Or Latino,3.484893316,1:PROGRESSION,0.3108,1.5983,not_enriched
TCGA-ZF-A9RF,TCGA-ZF-A9RF-01,74,STAGE II,64.07601013,0:LIVING,51.45149094,1:Recurred/Progressed,No,No,7.7,0.01,0.3261,9,232,Male,White,Not Hispanic Or Latino,51.45149094,1:PROGRESSION,0.5463,226.268,enriched
TCGA-ZF-A9RG,TCGA-ZF-A9RG-01,70,STAGE III,58.71716474,0:LIVING,14.4655949,1:Recurred/Progressed,No,No,7.3,0,0.331,19,218,Female,White,Not Hispanic Or Latino,14.4655949,1:PROGRESSION,0.0927,,
TCGA-ZF-A9RL,TCGA-ZF-A9RL-01,61,STAGE II,88.86477956,0:LIVING,34.98043857,1:Recurred/Progressed,No,No,10.43333333,0.03,0.3199,18,314,Male,White,Not Hispanic Or Latino,34.98043857,1:PROGRESSION,0.3943,5.0588,not_enriched
TCGA-ZF-A9RM,TCGA-ZF-A9RM-01,70,STAGE II,47.83509222,0:LIVING,47.83509222,0:DiseaseFree,No,No,2.8,0.01,0.3234,14,83,Male,White,Not Hispanic Or Latino,47.83509222,0:CENSORED,0.4133,1.5516,not_enriched
TCGA-ZF-A9RN,TCGA-ZF-A9RN-01,67,STAGE III,20.21895651,1:DECEASED,,,No,No,5.566666667,0.51,0.3604,20,166,Female,White,Not Hispanic Or Latino,16.96419765,1:PROGRESSION,0.6869,811.33,enriched
TCGA-ZF-AA4N,TCGA-ZF-AA4N-01,74,STAGE II,2.89311898,1:DECEASED,,,No,No,5.033333333,0.01,0.3301,9,152,Male,White,Not Hispanic Or Latino,2.89311898,1:PROGRESSION,0.2881,265.414,enriched
TCGA-ZF-AA4R,TCGA-ZF-AA4R-01,67,STAGE IV,34.05990071,1:DECEASED,,,No,No,2.1,0,0.3355,8,62,Male,White,Not Hispanic Or Latino,24.65726403,1:PROGRESSION,0.3104,50.6108,not_enriched
TCGA-ZF-AA4T,TCGA-ZF-AA4T-01,65,STAGE IV,19.69293487,1:DECEASED,,,,No,2.966666667,0.05,0.3218,20,88,Male,White,Not Hispanic Or Latino,16.79981589,1:PROGRESSION,0.5568,13.6054,not_enriched
TCGA-ZF-AA4U,TCGA-ZF-AA4U-01,70,STAGE III,8.613604235,1:DECEASED,,,No,No,1.8,0.01,0.3297,16,54,Male,White,Not Hispanic Or Latino,6.542394056,1:PROGRESSION,0.4187,11.0935,not_enriched
TCGA-ZF-AA4V,TCGA-ZF-AA4V-01,66,STAGE III,59.37469178,0:LIVING,59.37469178,0:DiseaseFree,No,No,19.46666667,0.06,0.3277,22,580,Male,White,Not Hispanic Or Latino,59.37469178,0:CENSORED,0.2678,299.698,enriched
TCGA-ZF-AA4W,TCGA-ZF-AA4W-01,56,STAGE III,60.16372423,0:LIVING,55.19939508,1:Recurred/Progressed,No,No,16.76666667,1.31,0.4141,12,502,Male,White,Not Hispanic Or Latino,55.19939508,1:PROGRESSION,0.2518,24.1118,not_enriched
TCGA-ZF-AA4X,TCGA-ZF-AA4X-01,56,STAGE II,67.19926357,0:LIVING,54.73912615,1:Recurred/Progressed,Yes,No,19.5,0,0.3141,14,584,Male,White,Not Hispanic Or Latino,54.73912615,1:PROGRESSION,0.4469,3.2016,not_enriched
TCGA-ZF-AA51,TCGA-ZF-AA51-01,69,STAGE II,56.3500674,0:LIVING,56.3500674,0:DiseaseFree,No,No,20.86666667,0.02,0.3215,23,627,Female,White,Not Hispanic Or Latino,56.3500674,0:CENSORED,0.5642,650.339,enriched
TCGA-ZF-AA52,TCGA-ZF-AA52-01,70,STAGE III,35.40783115,1:DECEASED,,,No,No,3.533333333,0.03,0.3286,24,106,Male,White,Not Hispanic Or Latino,35.40783115,0:CENSORED,0.4065,7.0671,not_enriched
TCGA-ZF-AA53,TCGA-ZF-AA53-01,60,STAGE II,57.89525594,0:LIVING,57.89525594,0:DiseaseFree,No,No,5.533333333,0,0.3233,20,166,Male,White,Not Hispanic Or Latino,57.89525594,0:CENSORED,0.1803,338.843,enriched
TCGA-ZF-AA54,TCGA-ZF-AA54-01,71,STAGE III,19.3970477,1:DECEASED,,,,No,5.9,0.01,0.3286,21,176,Male,White,Not Hispanic Or Latino,19.3970477,0:CENSORED,0.4163,86.0324,not_enriched
TCGA-ZF-AA56,TCGA-ZF-AA56-01,79,STAGE III,8.514975178,1:DECEASED,,,No,No,3.433333333,0.01,0.3257,12,101,Female,White,Not Hispanic Or Latino,8.153335306,1:PROGRESSION,0.229,422.585,enriched
TCGA-ZF-AA58,TCGA-ZF-AA58-01,61,STAGE IV,54.21310451,0:LIVING,,,No,No,6.866666667,0,0.3394,10,205,Female,White,Not Hispanic Or Latino,54.21310451,0:CENSORED,0.1427,1597.39,enriched
TCGA-ZF-AA5H,TCGA-ZF-AA5H-01,60,STAGE IV,29.49008778,0:LIVING,,,No,No,1.866666667,0.07,0.3208,20,56,Female,White,Not Hispanic Or Latino,5.819114311,1:PROGRESSION,0.6115,1084.39,enriched
TCGA-ZF-AA5N,TCGA-ZF-AA5N-01,62,STAGE IV,5.523227143,1:DECEASED,,,No,No,1.7,0,0.3314,3,51,Female,White,Not Hispanic Or Latino,5.523227143,1:PROGRESSION,0.0566,6.135,not_enriched
TCGA-ZF-AA5P,TCGA-ZF-AA5P-01,65,STAGE IV,12.23000296,0:LIVING,,,No,No,1.7,0.05,0.3325,,49,Male,White,Not Hispanic Or Latino,12.23000296,0:CENSORED,0.0342,373.541,enriched
